,GDP: Gross domestic product(million current US$),"GDP growth rate(annual %, const. 2010 prices)",GDP per capita(current US$),Economy: Agriculture(% of Gross Value Added),Economy: Industry(% of Gross Value Added),Economy: Services and other activity(% of GVA),Employment: Agriculture(% of employed),Employment: Industry(% of employed),Employment: Services(% employed),Unemployment(% of labour force),Labour force participation(female/male pop. %),CPI: Consumer Price Index(2010=100),Agricultural production index(2004-2006=100),International trade: Exports(million current US$),International trade: Imports(million current US$),International trade: Balance(million current US$),"Balance of payments, current account(million US$)",Population growth rate(average annual %),Urban population(% of total population),Urban population growth rate(average annual %),"Fertility rate, total(live births per woman)","Life expectancy at birth(females/males, years)","Population age distribution(0-14/60+ years old, %)",International migrant stock(000/% of total pop.),Refugees and others of concern to UNHCR(000),Infant mortality rate(per 1 000 live births),Health: Current expenditure(% of GDP),Health: Physicians(per 1 000 pop.),Education: Government expenditure(% of GDP),Education: Primary gross enrol. ratio(f/m per 100 pop.),Education: Secondary gross enrol. ratio(f/m per 100 pop.),Education: Tertiary gross enrol. ratio(f/m per 100 pop.),Intentional homicide rate(per 100 000 pop.),Seats held by women in national parliaments(%),Individuals using the Internet(per 100 inhabitants),Threatened species(number),Forested area(% of land area),CO2 emission estimates(million tons/tons per capita),"Energy production, primary(Petajoules)",Energy supply per capita(Gigajoules),Important sites for terrestrial biodiversity protected(%),Net Official Development Assist. received(% of GNI),Index of industrial production(2005=100),Research & Development expenditure(% of GDP),Tourist/visitor arrivals at national borders(000),Net Official Development Assist. disbursed(% of GNI)
Afghanistan,21993.0,2.5,619.0,23.9,22.0,54.1,61.7,6.8,31.5,8.8,48.8/82.1,145.0,125.0,822.0,8345.0,-7523.0,-4227.0,3.3,25.8,4.0,5.4,63.8/60.9,42.5/4.2,133.6/0.4,2537.1,60.1,10.2,0.3,3.9,84.2/122.7,39.6/69.1,3.6/14.6,6.3,27.7,11.4,40.0,2.1,9.8/0.3,70.0,4.0,6.1,18.1,,,,
Albania,13039.0,3.8,4450.0,21.7,24.2,54.1,37.8,18.8,43.4,15.1,47.1/64.8,117.0,143.0,2876.0,5942.0,-3066.0,-1008.0,-0.4,61.2,1.8,1.7,80.0/75.2,17.4/20.5,52.5/1.8,4.0,9.2,6.7,1.2,4.0,108.6/111.5,93.1/99.0,70.8/44.4,2.7,29.3,71.8,136.0,28.1,5.7/2.0,82.0,31.0,67.0,1.2,355.0,,4643.0,
Algeria,167555.0,1.4,4055.2,12.7,38.6,48.6,12.6,46.7,40.7,9.9,14.9/67.2,148.0,151.0,41347.0,49214.0,-7867.0,-22059.0,2.0,73.2,2.9,3.0,76.7/74.4,30.6/9.7,248.6/0.6,185.8,24.9,6.6,1.8,,108.8/114.5,101.5/97.8,57.3/38.5,1.4,25.8,47.7,143.0,0.8,145.4/3.7,6283.0,54.0,38.8,0.11,104.0,,2451.0,
American Samoa,,,,,,,,,,,... / ...,,116.0,,,,,,87.1,-0.1,2.6,77.8/71.1,33.3/9.0,23.6/42.3,,9.6,,,,,,,5.4,,,95.0,87.5,,,,61.5,,,,20.0,
Andorra,3013.0,1.7,39152.8,0.6,11.4,88.1,,,,,,106.0,,129.0,1623.0,-1494.0,,-1.6,88.0,-1.7,1.2,,14.4/19.0,41.0/53.3,,,10.4,3.3,3.2,,,,1.2,32.1,98.9,14.0,34.0,0.5/6.4,1.0,116.0,26.1,,,,3003.0,
Angola,126506.0,-2.5,4247.4,8.8,43.6,47.5,50.0,8.7,41.2,8.9,75.4/80.0,337.0,192.0,38953.0,18019.0,20935.0,7502.0,3.5,66.2,4.7,6.0,60.5/55.2,46.6/3.6,638.5/2.1,68.1,78.2,2.9,0.2,,105.2/121.6,39.3/62.0,8.5/10.4,4.8,30.0,14.3,158.0,46.3,34.8/1.4,4101.0,23.0,28.4,0.19,,,261.0,
Anguilla,281.0,-7.7,18860.7,2.4,11.0,86.6,,,,,... / ...,106.0,,5.0,283.0,-278.0,-62.0,1.2,100.0,1.2,,... / ...,23.3/7.6,5.6/37.4,,,,,,,,,27.7,,81.6,57.0,61.1,0.1/9.8,0.0,149.0,0.2,,,,68.0,
Antigua and Barbuda,1510.0,3.0,14803.0,2.0,21.3,76.8,,,,,... / ...,112.0,70.0,46.0,829.0,-783.0,34.0,1.2,24.5,0.1,2.0,77.4/74.8,22.0/13.6,28.6/28.1,,6.8,4.3,2.8,,86.1/89.2,90.6/94.4,29.2/14.1,10.3,11.1,76.0,59.0,22.3,0.5/5.8,0.0,79.0,18.4,0.66,,,247.0,
Argentina,637486.0,2.9,14399.6,6.7,25.8,67.5,0.5,23.1,76.4,7.9,48.8/72.7,152.0,131.0,66319.0,66306.0,13.0,-28003.0,1.0,92.0,1.2,2.3,79.0/72.2,24.6/15.4,2164.5/4.9,90.9,12.1,7.5,4.0,5.6,109.2/109.7,110.4/105.7,111.6/67.2,5.9,38.8,75.8,278.0,9.8,204.0/4.7,3181.0,83.0,33.2,0.0,,0.6,6720.0,
Armenia,11537.0,7.5,3936.8,16.3,27.6,56.1,32.6,16.2,51.2,18.4,49.7/69.9,127.0,127.0,2382.0,4796.0,-2414.0,-1131.0,0.3,63.2,0.2,1.7,77.0/70.6,20.8/17.9,190.7/6.5,18.9,13.2,9.9,2.9,2.8,94.3/94.0,88.4/84.0,58.7/46.1,3.0,24.2,69.7,117.0,11.7,5.5/1.8,44.0,45.0,30.5,2.13,,0.2,1495.0,
Aruba,2701.0,1.3,25655.1,0.5,15.4,84.2,0.6,14.0,85.1,,58.8/69.6,106.0,,67.0,1262.0,-1195.0,141.0,0.5,43.5,0.5,1.8,77.8/72.9,17.6/21.1,36.4/34.5,0.3,14.8,,,6.1,115.2/118.9,112.1/110.2,20.7/10.7,1.9,,97.2,37.0,2.3,0.9/8.4,1.0,120.0,47.8,,,,1070.0,
Australia,1408676.0,2.9,57613.2,2.7,24.7,72.6,2.5,18.8,78.7,5.5,59.6/70.3,118.0,104.0,255727.0,234678.0,21049.0,-30508.0,1.5,86.1,1.6,1.9,84.4/80.3,19.3/21.4,7035.6/28.8,102.3,3.6,9.3,3.6,5.3,100.9/100.9,141.8/159.8,134.1/94.4,0.9,30.0,86.5,1010.0,16.3,361.3/15.3,16322.0,226.0,54.3,,123.0,1.9,8815.0,0.23
Austria,416836.0,2.6,47717.7,1.3,28.3,70.3,4.2,25.3,70.6,5.4,54.7/65.6,116.0,100.0,181666.0,188616.0,-6951.0,10801.0,0.6,58.5,0.7,1.4,83.5/78.4,14.4/25.3,1660.3/19.0,169.1,3.3,10.4,5.1,5.5,103.7/104.2,99.5/104.1,93.6/79.4,0.7,37.2,87.9,128.0,46.9,58.7/6.9,517.0,160.0,66.3,,119.0,3.1,29460.0,0.3
Azerbaijan,40749.0,0.1,4146.4,6.0,53.2,40.8,37.3,13.8,48.8,5.0,62.9/69.4,153.0,141.0,20555.0,11318.0,9236.0,6051.0,1.3,56.0,1.7,2.1,74.6/68.6,23.4/11.1,259.2/2.6,617.7,31.4,6.9,3.4,2.9,104.2/102.5,,29.0/25.3,2.1,16.8,79.0,100.0,14.1,37.5/3.9,2427.0,61.0,39.4,0.3,188.0,0.2,2454.0,
Bahamas,11792.0,1.8,29824.7,0.9,13.1,85.9,4.0,11.7,84.3,11.4,67.5/82.0,113.0,131.0,482.0,3743.0,-3262.0,-1981.0,1.1,83.1,1.5,1.8,74.8/70.1,22.1/11.7,61.8/15.6,,8.0,6.4,1.9,,97.9/92.9,93.1/87.9,,28.4,12.8,85.0,89.0,51.4,2.4/6.3,0.0,66.0,24.7,,,,1439.0,
Bahrain,35326.0,3.8,23667.6,0.3,41.8,57.9,1.1,36.1,62.9,1.2,44.6/87.4,118.0,198.0,18493.0,19019.0,-526.0,-1600.0,2.0,89.4,2.1,2.1,77.5/75.6,18.7/5.1,722.6/48.4,0.4,6.9,4.9,0.9,2.3,101.1/100.8,103.3/102.3,63.1/32.3,0.5,15.0,95.9,42.0,0.8,31.3/23.0,940.0,391.0,27.5,,134.0,0.1,11370.0,
Bangladesh,245633.0,7.3,1491.7,14.2,29.3,56.5,36.4,21.6,42.0,4.4,36.1/81.2,161.0,144.0,32777.0,56216.0,-23438.0,-7593.0,1.1,37.4,3.5,2.2,72.4/69.4,27.2/7.7,1500.9/0.9,943.4,33.2,2.4,0.5,1.5,115.1/107.3,72.7/62.1,14.5/20.6,2.5,20.7,18.0,156.0,11.0,73.2/0.5,1597.0,11.0,48.0,1.44,206.0,,125.0,
Barbados,4713.0,0.9,16494.2,1.5,15.4,83.0,2.8,19.1,78.1,9.4,61.5/69.2,184.0,85.0,458.0,1594.0,-1136.0,-248.0,0.2,31.2,-0.1,1.6,80.0/77.1,17.1/22.5,34.7/12.1,,11.5,7.0,2.5,4.7,90.9/92.6,108.8/104.5,90.6/40.3,10.9,20.0,81.8,58.0,14.7,1.3/4.5,3.0,59.0,2.1,,80.0,,664.0,
Belarus,54441.0,2.4,5749.8,8.9,37.0,54.1,9.4,30.8,59.8,0.5,57.8/70.0,480.0,120.0,33461.0,38202.0,-4741.0,-266.0,,79.0,0.7,1.6,78.0/66.8,17.0/22.2,1078.7/11.4,8.6,3.4,6.3,4.1,4.8,101.4/101.8,102.1/103.7,96.4/77.5,3.6,34.6,74.4,26.0,42.6,63.5/6.7,166.0,112.0,49.1,-0.48,163.0,0.5,11060.0,
Belgium,494764.0,1.7,43288.9,0.7,22.0,77.3,1.2,21.2,77.6,6.4,47.9/58.6,115.0,101.0,468529.0,450888.0,17641.0,-6819.0,0.6,98.0,0.7,1.8,83.0/78.0,17.1/25.3,1268.4/11.1,83.5,3.5,10.0,3.3,6.6,103.3/103.4,170.4/152.1,86.0/66.1,1.9,38.0,87.7,40.0,22.6,93.4/8.3,637.0,208.0,80.8,,121.0,2.5,8385.0,0.45
Belize,1902.0,0.5,5077.0,13.9,16.9,69.1,15.3,15.3,69.5,9.3,53.6/81.5,106.0,97.0,179.0,958.0,-780.0,-155.0,2.3,45.9,2.3,2.6,76.0/71.1,29.7/7.4,60.0/16.0,6.2,15.0,6.1,1.1,7.1,110.3/116.1,86.2/82.2,30.5/18.9,37.6,9.4,47.1,131.0,59.7,0.5/1.4,8.0,37.0,46.0,2.02,,,427.0,
Benin,9236.0,5.0,826.5,27.0,25.7,47.3,41.5,18.7,39.8,2.3,69.3/73.3,110.0,153.0,287.0,3132.0,-2845.0,-927.0,2.8,47.9,4.0,5.2,61.4/58.5,42.2/5.0,253.3/2.3,1.4,67.7,3.9,0.2,4.0,122.3/130.8,50.7/67.1,7.6/18.2,6.2,7.2,14.1,99.0,37.8,6.3/0.6,105.0,17.0,77.4,7.3,148.0,,281.0,
Bermuda,6269.0,2.5,102192.1,0.7,5.6,93.6,1.6,10.3,87.6,6.7,72.6/80.0,148.0,112.0,23.0,1070.0,-1047.0,940.0,-0.6,100.0,-0.6,1.5,85.1/77.5,14.8/24.9,19.0/30.9,,,,,1.5,89.4/91.3,75.5/67.7,34.1/14.7,13.0,,98.4,75.0,18.5,0.6/9.2,1.0,147.0,16.2,,,0.2,270.0,
Bhutan,2562.0,6.0,3172.8,17.5,43.2,39.3,54.8,9.7,35.5,2.4,58.4/74.6,163.0,102.0,622.0,1052.0,-430.0,-498.0,1.2,41.6,3.7,2.1,69.6/69.2,25.3/8.8,52.3/6.5,,30.5,3.5,0.4,7.1,92.6/92.6,90.3/82.0,8.9/12.1,1.1,14.9,48.1,99.0,72.5,1.0/1.3,79.0,83.0,42.9,5.1,,,255.0,
Bolivia (Plurin. State of),37509.0,4.2,3394.0,13.4,30.4,56.2,26.0,22.5,51.4,3.2,56.6/79.4,146.0,147.0,8965.0,9994.0,-1030.0,-1990.0,1.6,69.8,2.1,3.0,71.9/66.7,30.6/10.2,148.8/1.3,1.1,32.4,6.9,1.6,7.3,97.6/99.6,90.4/93.2,,6.3,53.1,43.8,243.0,50.3,20.4/1.9,921.0,34.0,56.2,2.61,,,1134.0,
"Bonaire, St. Eustatius & Saba",,,,,,,,,,,,,,,,,,,,,,,,,,,,,,,,,,,,58.0,,0.3/13.3,0.0,214.0,39.3,,,,,
Bosnia and Herzegovina,18169.0,3.0,5180.8,6.9,27.5,65.6,18.1,32.1,49.8,26.5,35.5/58.5,104.0,118.0,7124.0,11529.0,-4405.0,-829.0,-1.5,48.6,-0.3,1.3,78.9/74.0,14.7/24.5,37.1/1.1,152.8,6.9,9.2,2.0,,,,,1.3,21.4,69.5,95.0,42.7,22.2/5.8,199.0,80.0,12.0,2.43,143.0,0.2,923.0,
Botswana,17407.0,2.4,7595.6,2.2,33.3,64.5,25.2,13.7,61.1,17.8,66.5/78.8,146.0,120.0,5803.0,6040.0,-236.0,345.0,1.3,70.2,3.3,3.0,67.0/61.8,33.8/6.9,166.4/7.3,2.4,35.5,5.5,0.4,,103.5/107.2,... / ...,27.2/18.9,,9.5,41.4,33.0,18.9,7.0/3.2,51.0,41.0,47.1,0.6,,0.5,1574.0,
Brazil,2055512.0,1.0,9821.4,5.2,22.6,72.2,10.0,20.9,69.1,11.6,53.9/74.3,161.0,136.0,236466.0,185357.0,51108.0,-14509.0,0.9,86.8,1.2,1.8,78.0/70.7,21.0/13.6,735.6/0.4,143.9,15.8,11.8,2.1,6.2,112.4/115.4,103.9/99.2,58.8/42.5,29.5,15.0,67.5,1039.0,58.9,529.8/2.6,12183.0,59.0,47.6,0.01,111.0,1.3,6589.0,
British Virgin Islands,996.0,0.5,31916.8,0.2,6.5,93.3,,,,,,,103.0,0.0,341.0,-341.0,,2.0,48.1,2.8,,... / ...,... / ...,20.0/64.0,,,,,6.3,,,,,,37.6,82.0,24.1,0.2/6.0,0.0,97.0,9.4,,,,335.0,
Brunei Darussalam,12128.0,1.3,28290.8,1.1,58.7,40.2,0.5,17.1,82.4,6.8,58.1/71.3,99.0,169.0,6200.0,3233.0,2967.0,1068.0,1.3,77.9,1.9,2.0,76.2/73.8,22.6/9.0,108.6/25.3,20.5,8.8,2.3,1.8,4.4,104.3/105.3,93.0/91.5,40.3/25.9,0.5,9.1,94.9,226.0,72.1,9.1/21.8,633.0,293.0,62.9,,79.0,,259.0,
Bulgaria,58222.0,3.8,8218.2,4.7,28.4,66.9,5.9,28.8,65.3,4.4,49.4/61.5,111.0,114.0,33332.0,37970.0,-4638.0,2959.0,-0.6,75.3,-0.2,1.5,77.8/70.8,14.7/28.0,153.8/2.2,20.9,8.3,8.2,4.0,4.1,94.3/95.3,98.3/101.4,79.3/63.7,1.1,25.8,63.4,115.0,35.4,42.4/5.9,473.0,106.0,95.6,,105.0,0.8,8883.0,0.11
Burkina Faso,12325.0,6.3,642.1,31.3,20.2,48.4,27.0,31.9,41.1,6.2,58.3/75.0,110.0,125.0,2527.0,4562.0,-2035.0,-894.0,3.0,30.0,5.2,5.6,59.3/58.0,44.7/3.9,708.9/3.7,41.2,64.7,6.8,0.1,4.2,92.9/94.4,37.6/38.6,4.1/7.9,0.4,13.4,15.9,33.0,19.3,2.8/0.1,128.0,9.0,71.8,7.14,,0.2,143.0,
Burundi,3155.0,,290.4,37.5,16.6,45.9,91.4,2.5,6.1,1.5,80.4/77.6,183.0,108.0,140.0,798.0,-658.0,-360.0,3.2,13.4,5.6,6.0,60.7/57.1,45.4/4.0,299.6/2.8,153.0,52.3,7.7,,4.3,126.2/126.1,50.9/49.7,3.7/8.7,6.0,36.4,5.6,141.0,10.9,0.4 / ~0.0,56.0,6.0,51.2,12.33,,0.1,299.0,
Cabo Verde,1773.0,4.0,3244.7,7.0,21.1,71.9,66.8,6.9,26.3,10.4,65.5/73.2,109.0,97.0,51.0,930.0,-880.0,-104.0,1.3,66.2,2.0,2.5,75.0/67.9,28.4/7.3,15.3/2.8,0.1,20.6,5.3,0.8,5.2,92.5/99.2,87.3/79.7,25.7/17.7,11.5,23.6,57.2,117.0,22.5,0.5/1.0,2.0,17.0,15.1,7.29,,0.1,668.0,
Cambodia,22121.0,7.0,1382.1,25.0,32.7,42.3,24.7,26.8,48.5,0.2,75.2/87.9,125.0,186.0,18682.0,17316.0,1366.0,-2773.0,1.6,23.8,3.4,2.7,69.6/65.5,31.1/7.4,76.3/0.5,0.1,30.0,6.1,0.2,1.9,106.5/109.1,... / ...,12.2/14.1,1.8,20.0,34.0,265.0,52.9,6.7/0.4,191.0,20.0,39.5,4.11,,0.1,5602.0,
Cameroon,34924.0,3.5,1451.9,15.7,27.5,56.8,61.2,9.3,29.5,4.2,71.0/81.3,116.0,175.0,2651.0,4453.0,-1802.0,-949.0,2.7,57.0,3.8,5.0,57.6/54.9,42.4/4.3,540.3/2.2,590.8,70.7,4.7,0.1,3.1,107.2/119.0,57.1/66.4,16.9/21.4,4.2,31.1,23.2,850.0,39.3,7.0/0.3,500.0,17.0,36.3,3.54,112.0,,994.0,
Canada,1647120.0,3.0,44973.5,1.7,27.4,70.9,1.9,19.3,78.8,5.9,60.7/69.4,115.0,113.0,451085.0,466895.0,-15811.0,-45323.0,1.1,81.5,1.1,1.6,83.8/79.6,15.8/24.3,7861.2/21.5,177.7,4.6,10.5,2.6,5.3,101.5/101.4,113.9/112.2,77.1/57.5,1.7,27.0,92.7,157.0,38.2,537.2/15.1,19547.0,318.0,25.7,,92.0,1.6,20798.0,0.26
Cayman Islands,4030.0,2.3,65472.4,0.4,7.6,92.0,0.8,15.5,83.6,6.3,80.6/85.6,105.0,103.0,13.0,1291.0,-1279.0,,1.5,100.0,1.5,,... / ...,18.3/6.7,24.4/39.6,0.1,,,,,,,,8.4,,81.1,77.0,52.9,0.5/9.2,,128.0,32.5,,,,418.0,
Central African Republic,1993.0,4.3,427.7,31.1,25.8,43.0,85.6,7.9,6.6,5.6,64.7/79.8,187.0,122.0,231.0,359.0,-128.0,,0.5,41.8,1.1,5.1,50.5/47.3,43.9/4.5,88.8/1.9,782.4,90.3,4.3,0.1,1.2,91.5/120.0,14.0/21.2,1.6/4.3,19.8,8.6,4.3,66.0,35.6,0.3/0.1,19.0,5.0,74.4,25.99,86.0,,120.0,
Chad,10717.0,-3.1,719.3,32.2,25.4,42.4,87.0,5.0,8.1,5.9,64.8/77.8,116.0,150.0,915.0,523.0,392.0,,3.3,23.3,3.8,6.3,53.7/50.9,46.8/3.9,489.7/3.3,618.9,84.1,4.5,,2.9,77.0/99.0,14.3/31.0,1.1/5.7,9.0,14.9,6.5,48.0,3.8,0.7 / ~0.0,347.0,6.0,70.6,6.58,65.0,0.3,87.0,
Channel Islands,,,,,,,19.7,29.6,50.6,9.2,49.4/65.1,,,,,,,0.7,30.9,0.5,1.6,84.1/79.8,15.1/23.6,83.1/50.3,,6.7,,,,,,,,,,,4.0,,,,,,,,,
Chile,277081.0,1.5,15346.7,4.2,32.8,63.0,9.2,22.7,68.2,7.1,51.1/74.2,118.0,114.0,75482.0,74187.0,1294.0,-9157.0,1.0,87.6,1.0,1.8,82.1/76.3,19.5/16.9,488.6/2.7,101.3,7.2,8.5,1.1,5.4,100.1/102.8,100.2/99.2,98.5/84.8,3.5,22.6,82.3,220.0,24.3,82.6/4.7,525.0,88.0,35.7,0.03,,0.4,6450.0,
China,12237782.0,6.9,8682.2,8.4,41.3,50.4,15.5,26.0,58.5,4.8,60.6/75.4,106.0,139.0,2528426.0,2215158.0,313268.0,49092.0,0.5,60.3,2.9,1.6,77.4/73.1,17.8/16.8,999.5/0.1,322.4,12.3,5.0,1.8,,102.6/101.6,95.9/94.2,56.2/46.4,0.6,24.9,54.3,1115.0,22.4,10291.9/7.5,94591.0,84.0,47.6,-0.01,,2.1,60740.0,
"China, Hong Kong SAR",341659.0,3.8,46390.3,0.1,7.6,92.3,0.2,12.8,87.0,2.9,53.8/67.5,131.0,59.0,569106.0,627327.0,-58221.0,15556.0,0.6,100.0,0.6,1.2,86.4/80.5,12.3/25.2,2883.1/39.1,0.1,1.6,,,3.3,105.8/107.8,102.0/106.7,77.5/70.1,0.4,,89.4,70.0,,46.2/6.4,,81.0,56.7,,,0.8,27884.0,
"China, Macao SAR",50361.0,9.1,80892.8,,6.8,93.2,0.5,19.6,79.8,2.0,65.2/76.4,140.0,90.0,1255.0,11394.0,-10139.0,16662.0,2.2,100.0,2.3,1.2,86.2/80.3,14.0/17.9,353.7/56.8,,3.1,,,3.1,105.0/106.2,101.5/101.2,96.0/73.5,0.2,,83.2,16.0,,1.3/2.2,1.0,68.0,0.0,,42.0,0.2,17255.0,
Colombia,309191.0,1.8,6301.6,7.1,32.0,60.9,15.8,19.2,65.1,9.2,58.6/81.9,136.0,115.0,46892.0,47063.0,-171.0,-12908.0,1.0,81.1,1.4,1.9,78.9/73.1,22.6/12.8,142.3/0.3,7872.0,14.4,5.9,2.1,4.4,110.7/114.6,101.3/96.0,65.0/56.0,25.5,18.7,62.3,880.0,52.7,84.1/1.8,5243.0,36.0,38.0,0.28,,0.3,4113.0,
Comoros,1082.0,3.4,1329.9,30.8,12.6,56.5,54.6,15.5,30.0,4.3,37.6/50.8,104.0,109.0,17.0,150.0,-133.0,-41.0,2.4,29.2,2.7,4.6,64.5/61.2,39.3/5.0,12.6/1.5,,58.1,7.6,0.2,4.3,97.2/101.6,57.2/53.9,8.0/9.9,7.7,6.1,8.5,121.0,19.7,0.2/0.2,3.0,7.0,10.4,10.2,,,28.0,
Congo,11292.0,-3.1,2146.5,7.5,47.9,44.6,37.1,25.9,37.1,11.5,66.8/71.4,119.0,138.0,4451.0,2117.0,2334.0,-3594.0,2.6,67.4,3.3,4.7,62.7/60.5,41.5/4.4,398.9/7.6,220.4,41.4,4.6,0.1,4.6,107.8/100.6,48.4/55.8,8.0/10.6,9.3,11.3,8.6,140.0,65.4,3.1/0.7,619.0,22.0,72.1,1.36,,,192.0,
Cook Islands,309.0,1.9,17797.6,6.1,8.6,85.3,4.3,11.7,84.0,8.2,65.4/76.6,111.0,91.0,15.0,137.0,-122.0,,-1.2,75.3,-0.9,2.6,79.6/71.7,26.9/14.2,4.2/24.2,,3.6,3.4,1.4,4.7,105.2/111.7,90.1/84.9,50.1/41.2,3.5,,54.0,75.0,62.9,0.1/3.4,0.0,51.0,22.4,,,,161.0,
Costa Rica,57565.0,3.2,11734.1,5.8,20.1,74.0,11.2,18.5,70.3,7.9,45.9/74.4,126.0,129.0,11915.0,17144.0,-5230.0,-1878.0,1.1,80.1,2.5,1.9,81.7/76.7,21.1/14.5,414.2/8.4,18.1,9.3,7.6,1.1,7.4,110.3/109.7,129.5/122.8,62.2/49.3,11.9,45.6,71.6,350.0,54.6,7.8/1.6,109.0,44.0,45.3,0.18,,0.6,2960.0,
Côte d’Ivoire,38055.0,7.7,1566.4,23.7,27.1,49.2,46.5,6.3,47.2,2.6,48.3/65.9,113.0,127.0,11923.0,10999.0,925.0,-1047.0,2.5,51.2,3.4,5.0,55.9/53.5,41.7/4.7,2197.2/9.0,694.8,67.5,4.4,0.2,4.4,94.0/103.6,42.6/56.8,7.5/10.8,11.6,11.0,43.8,259.0,32.7,11.0/0.5,561.0,22.0,79.1,2.12,140.0,,1800.0,
Croatia,55201.0,2.9,13176.5,3.7,26.2,70.1,7.1,26.6,66.2,8.4,45.6/57.9,109.0,121.0,17720.0,30812.0,-13092.0,1459.0,-0.4,57.2,-0.1,1.5,80.6/74.2,14.6/27.9,560.5/13.4,9.3,4.3,7.2,3.0,4.6,95.8/95.0,100.0/95.6,78.5/57.0,1.0,20.5,67.1,182.0,34.4,16.8/4.0,185.0,84.0,72.0,,92.0,0.9,15593.0,
Cuba,96851.0,1.8,8433.1,3.8,24.6,71.6,18.2,16.5,65.3,2.6,39.8/67.3,,103.0,1197.0,8543.0,-7346.0,,0.2,77.1,0.3,1.7,80.4/76.5,16.0/20.7,13.1/0.1,0.3,4.8,12.2,8.2,,99.2/104.4,105.7/103.0,51.2/30.1,5.0,53.2,49.1,348.0,31.3,34.8/3.0,192.0,38.0,73.4,0.13,,0.3,4594.0,
Curaçao,3122.0,-1.7,19591.3,0.4,20.1,79.5,,,,13.0,... / ...,113.0,,,,,-899.0,1.4,89.1,1.2,2.1,80.7/74.5,18.5/23.9,38.4/23.9,0.8,10.3,,,4.9,169.2/176.3,91.1/84.1,29.6/13.0,,,61.9,52.0,,5.9/37.8,1.0,503.0,40.4,,,,399.0,
Cyprus,22054.0,4.2,25789.8,2.1,13.1,84.7,3.4,16.8,79.8,9.9,57.2/66.9,102.0,79.0,5065.0,10740.0,-5675.0,-1685.0,0.9,66.8,0.7,1.4,82.2/77.7,16.7/19.3,189.0/16.0,23.4,4.2,6.9,2.0,6.4,99.3/99.3,99.4/100.1,69.4/51.1,1.1,17.9,80.7,81.0,18.7,6.1/5.2,5.0,78.0,57.8,,72.0,0.5,3652.0,0.09
Czechia,215825.0,4.3,20325.7,2.3,37.0,60.7,2.7,37.1,60.2,2.0,52.3/68.1,113.0,100.0,17169.0,15670.0,1499.0,860.0,0.1,73.9,0.2,1.5,81.2/75.1,15.7/25.9,433.3/4.1,5.9,2.5,7.1,4.3,5.8,100.5/100.0,105.1/104.2,74.8/53.2,0.6,22.5,78.7,75.0,34.6,96.5/9.2,1143.0,164.0,92.3,,122.0,1.7,12808.0,0.15
Dem. People's Rep. Korea,17365.0,-3.5,684.6,22.8,45.5,31.7,66.9,17.5,15.6,4.7,74.2/87.2,,102.0,1056.0,3092.0,-2036.0,,0.5,62.1,0.8,1.9,74.1/67.2,20.0/14.6,48.9/0.2,,18.5,,3.7,,88.1/88.1,93.5/92.4,20.0/35.4,4.4,16.3,0.0,83.0,40.7,40.5/1.6,891.0,15.0,10.2,,,,,
Dem. Rep. of the Congo,37642.0,3.7,462.8,20.8,43.5,35.6,82.0,11.0,7.0,3.7,60.5/66.3,134.0,109.0,3951.0,5401.0,-1450.0,-2169.0,3.3,45.0,4.6,6.4,59.5/56.7,46.0/4.7,879.2/1.1,5237.8,73.1,3.9,0.1,1.5,107.6/108.4,36.0/56.3,4.7/8.5,13.5,10.3,8.6,394.0,67.2,4.7/0.1,1256.0,16.0,40.1,6.28,,,351.0,
Denmark,329866.0,2.3,57532.5,1.6,23.1,75.2,2.5,18.5,79.0,5.3,58.0/65.8,110.0,101.0,107633.0,101114.0,6520.0,19977.0,0.5,88.0,0.6,1.7,82.2/78.1,16.4/25.8,656.8/11.5,47.5,3.5,10.4,4.5,7.6,101.2/102.4,131.0/127.3,94.0/68.8,1.0,37.4,97.1,52.0,14.7,33.5/5.9,624.0,120.0,89.7,,89.0,2.9,11743.0,0.74
Djibouti,1845.0,4.1,1927.6,2.8,19.9,77.3,28.3,30.2,41.5,5.8,54.9/71.1,116.0,133.0,140.0,1212.0,-1072.0,-294.0,1.7,77.9,1.8,3.1,63.2/60.0,29.2/7.2,116.1/12.1,27.5,55.7,3.5,0.2,,60.8/69.3,43.2/51.4,4.0/6.0,6.5,26.2,55.7,108.0,0.2,0.7/0.8,4.0,12.0,0.9,7.33,,,63.0,
Dominica,497.0,-9.5,6719.3,16.4,12.1,71.4,,,,,... / ...,103.0,113.0,18.0,275.0,-257.0,202.0,0.5,70.8,0.9,,... / ...,... / ...,6.8/9.2,,,5.3,1.1,3.4,110.5/114.1,99.8/101.2,,8.4,25.0,69.6,70.0,57.4,0.1/1.9,0.0,37.0,44.3,3.52,,,72.0,
Dominican Republic,75932.0,4.6,7052.3,6.1,29.2,64.6,11.4,17.7,71.0,5.5,51.0/77.6,133.0,145.0,9178.0,22481.0,-13303.0,-1160.0,1.2,81.8,2.5,2.4,75.9/69.6,27.7/10.8,425.0/3.9,27.3,27.5,6.2,1.6,,104.0/111.5,83.0/76.5,77.0/43.0,15.2,26.8,65.0,199.0,41.7,21.5/2.1,18.0,32.0,76.2,0.16,129.0,,6188.0,
Ecuador,104296.0,3.0,6273.5,10.2,33.8,56.0,26.5,18.6,54.9,4.2,56.6/81.7,124.0,115.0,21606.0,23020.0,-1414.0,-1358.0,1.5,64.0,1.8,2.6,78.5/72.8,27.7/10.7,399.1/2.4,227.9,15.1,8.4,2.0,5.0,104.7/103.7,108.6/105.6,49.0/42.2,5.9,38.0,57.3,2388.0,50.2,43.9/2.8,1321.0,38.0,29.0,0.2,,0.4,1608.0,
Egypt,195136.0,4.2,2000.3,11.7,34.3,54.0,24.0,25.8,50.3,11.6,22.9/73.2,231.0,124.0,29564.0,84010.0,-54446.0,-6293.0,2.2,42.7,2.1,3.4,73.0/68.7,33.8/8.1,478.3/0.5,300.4,18.9,4.6,0.8,,105.1/104.8,85.7/87.3,34.8/34.0,2.5,14.9,45.0,168.0,0.1,201.9/2.2,3105.0,39.0,39.6,-0.05,,0.7,8157.0,
El Salvador,24805.0,2.3,3889.3,6.4,27.3,66.3,18.3,21.1,60.6,4.6,46.3/78.9,111.0,111.0,6275.0,11350.0,-5075.0,-1242.0,0.5,72.7,1.7,2.2,76.3/67.0,26.9/11.8,42.3/0.7,73.4,17.7,7.0,1.6,3.8,94.9/98.1,71.6/72.1,30.3/27.1,82.8,31.0,31.3,93.0,12.6,6.3/1.0,85.0,29.0,26.6,0.65,116.0,0.1,1556.0,
Equatorial Guinea,12487.0,-3.2,9850.3,2.3,55.7,42.0,60.8,6.2,33.0,8.1,55.3/67.4,121.0,115.0,4980.0,4402.0,578.0,,4.3,72.6,5.6,5.0,57.8/55.4,37.0/3.9,221.9/17.5,,73.8,3.4,0.4,,61.3/61.8,... / ...,... / ...,2.3,20.0,26.2,188.0,55.5,5.3/6.5,810.0,36.0,100.0,0.07,,,,
Eritrea,5813.0,5.0,1146.7,17.2,23.5,59.2,83.8,7.0,9.2,6.2,74.2/87.0,,104.0,17.0,4688.0,-4671.0,,1.1,40.7,3.6,4.4,65.6/61.4,41.6/6.4,16.0/0.3,2.4,45.0,3.0,,,45.6/53.1,29.1/32.4,1.9/2.7,8.0,22.0,1.3,137.0,14.9,0.7/0.1,30.0,8.0,13.3,5.16,,,142.0,
Estonia,25921.0,4.9,19792.6,2.8,27.2,69.9,3.7,29.3,67.0,5.5,56.7/70.5,119.0,128.0,17830.0,19826.0,-1996.0,571.0,-0.3,69.1,-0.2,1.6,81.2/71.8,16.5/26.5,193.0/14.7,79.4,3.2,6.7,3.5,5.2,97.2/97.0,115.5/114.6,86.4/57.2,3.2,28.7,88.1,25.0,51.3,19.5/14.8,196.0,178.0,94.9,,134.0,1.3,3245.0,0.16
Eswatini,4409.0,2.0,3224.4,10.0,37.4,52.6,69.5,12.3,18.2,26.5,41.6/66.1,155.0,113.0,1849.0,1299.0,550.0,554.0,0.7,24.0,2.6,3.1,54.0/47.8,37.8/5.7,33.3/2.4,1.5,51.6,7.7,0.1,7.1,100.4/109.5,71.7/72.9,5.5/5.3,,7.2,30.3,41.0,34.3,1.2/1.0,33.0,32.0,30.3,3.31,153.0,,921.0,
Ethiopia,75605.0,11.1,720.3,36.2,24.4,39.4,66.5,9.8,23.7,5.4,74.4/86.5,249.0,164.0,1394.0,9116.0,-7722.0,-5566.0,2.8,21.2,4.9,4.8,65.5/61.9,40.3/5.3,1227.1/1.2,2128.4,45.8,4.0,0.1,4.7,97.0/106.8,34.4/35.8,5.3/10.9,7.6,38.8,18.6,179.0,12.5,11.6/0.1,1352.0,15.0,19.8,5.15,242.0,0.6,933.0,
Falkland Islands (Malvinas),,,,,,,,,,1.2,77.2/86.0,,96.0,2.0,10.0,-8.0,,0.3,78.1,1.0,,,16.4/15.7,1.6/54.3,,,,,,,,,,,99.0,23.0,0.0,0.1/18.9,0.0,257.0,10.9,,,,,
Faroe Islands,,,,,,,,,,4.0,79.4/86.0,,101.0,1655.0,1161.0,494.0,194.0,0.2,42.2,0.5,2.4,84.5/78.3,21.0/22.5,5.7/11.6,,,,,,,,,,,97.6,25.0,0.1,0.6/12.4,1.0,187.0,6.7,,,,,
Fiji,4874.0,3.0,5382.3,13.4,18.1,68.5,37.8,13.3,49.0,6.2,38.2/75.8,130.0,84.0,1041.0,2720.0,-1679.0,-493.0,0.2,56.8,1.7,2.8,68.6/65.4,29.3/9.3,13.9/1.5,,20.0,3.5,0.8,3.9,104.8/105.8,93.4/84.3,... / ...,2.3,19.6,50.0,300.0,55.9,1.2/1.3,6.0,37.0,4.9,3.03,104.0,,843.0,
Finland,252247.0,2.8,45670.1,2.7,28.2,69.1,3.7,21.8,74.4,8.1,54.9/62.0,111.0,97.0,75258.0,78352.0,-3094.0,-5190.0,0.4,85.4,0.8,1.8,83.7/77.7,16.0/28.6,343.6/6.2,38.2,2.1,9.5,3.8,7.1,100.2/100.6,159.7/145.0,94.5/79.8,1.4,41.5,87.5,37.0,73.1,47.3/8.6,738.0,257.0,72.6,,94.0,2.7,3180.0,0.42
France,2582492.0,2.2,38414.9,1.7,19.5,78.8,2.8,20.2,77.1,8.6,50.2/59.8,109.0,96.0,568451.0,660511.0,-92059.0,-19014.0,0.5,80.7,0.8,2.0,85.0/78.7,17.8/26.5,7902.8/12.2,424.0,3.5,11.5,3.2,5.5,101.7/102.2,103.5/102.7,71.5/57.7,1.4,39.7,80.5,300.0,31.2,303.3/4.7,5462.0,157.0,81.2,,87.0,2.2,86861.0,0.43
French Guiana,,,,,,,,14.9,58.3,21.3,48.4/58.8,126.0,127.0,,,,,2.3,85.6,3.1,3.4,82.8/76.2,32.1/8.6,111.7/39.5,,9.1,,,,,,,,,,78.0,98.9,0.7/2.8,3.0,50.0,67.4,,,,224.0,
French Polynesia,5606.0,2.3,19807.0,3.1,11.8,85.1,8.4,17.4,74.2,20.2,47.4/60.9,122.0,102.0,156.0,2023.0,-1868.0,412.0,0.5,61.9,1.2,2.0,78.6/74.0,22.6/13.1,30.7/10.8,,6.9,,,,,,,,,72.7,177.0,42.3,0.8/2.9,1.0,42.0,5.4,,,,199.0,
Gabon,14623.0,1.1,7220.9,6.1,48.8,45.1,41.7,12.6,45.7,19.2,43.7/60.2,120.0,123.0,884.0,2693.0,-1809.0,141.0,3.6,89.7,3.9,4.1,64.8/61.9,37.2/5.3,280.2/13.8,0.9,41.9,3.1,0.4,2.7,136.6/140.8,,... / ...,8.0,17.9,50.3,287.0,90.0,5.2/3.1,557.0,57.0,61.7,0.78,126.0,,,
Gambia,1489.0,4.6,709.1,24.9,14.0,61.1,26.6,15.5,57.9,9.4,51.8/67.7,161.0,106.0,27.0,531.0,-504.0,-111.0,3.0,61.9,4.4,5.5,61.6/59.1,44.1/3.9,205.1/9.8,8.8,49.8,4.4,0.1,3.1,104.8/95.8,... / ...,2.5/3.7,9.1,10.3,19.8,76.0,48.4,0.5/0.3,7.0,7.0,34.6,27.32,,0.1,162.0,
Georgia,15159.0,4.8,3874.9,7.9,26.0,66.1,38.8,12.9,48.3,11.6,57.9/78.8,127.0,74.0,3362.0,9122.0,-5760.0,-1249.0,-0.4,59.0,-0.7,2.0,76.8/67.8,20.0/21.2,78.2/2.0,283.1,12.9,8.4,5.1,3.8,103.3/102.3,108.1/106.5,61.3/54.0,1.0,14.8,60.5,121.0,40.6,9.0/2.2,60.0,52.0,28.4,3.11,185.0,0.3,4069.0,
Germany,3693204.0,2.2,44976.4,0.9,31.0,68.1,1.2,26.8,72.0,3.6,55.3/66.1,111.0,107.0,1479187.0,1250895.0,228292.0,291199.0,0.2,77.4,0.3,1.4,82.9/77.9,13.8/28.3,12165.1/14.8,1430.2,3.4,11.1,4.2,4.8,102.7/103.2,99.1/104.6,68.3/68.4,1.2,30.9,84.4,146.0,32.7,719.9/8.9,4833.0,158.0,78.6,,112.0,2.9,37452.0,0.67
Ghana,58996.0,8.1,2046.1,21.2,33.2,45.6,38.3,14.3,47.3,2.5,63.5/71.5,255.0,153.0,17100.0,11880.0,5219.0,-2003.0,2.3,56.7,3.6,4.2,62.7/60.9,37.4/5.2,417.6/1.4,13.1,44.8,4.4,0.2,4.5,103.3/101.7,71.7/72.7,13.5/18.7,1.7,13.1,37.9,244.0,41.2,14.5/0.6,336.0,12.0,85.0,2.76,,,897.0,
Gibraltar,,,,,,,,,,,... / ...,142.0,,400.0,528.0,-128.0,,0.6,100.0,0.6,,... / ...,18.1/22.4,11.2/32.3,,,,,,,,,,,94.4,33.0,0.0,0.5/16.5,,285.0,35.0,,,,,
Greece,203086.0,1.5,18198.0,4.2,17.2,78.6,11.7,15.3,73.0,19.5,45.1/60.3,102.0,93.0,39450.0,65090.0,-25640.0,-6370.0,-0.4,79.4,0.1,1.3,83.7/78.5,13.9/28.3,1220.4/10.9,112.4,3.3,8.5,4.6,,94.0/94.4,97.1/103.2,125.4/127.4,0.8,18.7,69.9,505.0,31.7,67.3/6.1,281.0,86.0,73.2,,74.0,1.0,27194.0,0.16
Greenland,2790.0,1.0,49398.4,20.2,16.3,63.5,4.6,12.6,82.5,9.7,,,98.0,669.0,778.0,-110.0,,-0.1,87.1,0.3,2.0,73.6/69.1,21.0/13.2,6.0/10.6,,,,,,,,,5.3,,69.5,25.0,,0.5/9.0,2.0,156.0,30.3,,,,,
Grenada,1127.0,5.1,10451.0,6.2,14.9,78.9,,,,,,107.0,128.0,27.0,504.0,-478.0,-144.0,0.6,36.4,0.5,2.2,75.2/70.3,23.7/14.6,7.1/6.6,,13.7,5.2,1.4,10.3,99.3/104.7,102.0/96.7,104.7/84.6,10.2,46.7,59.1,56.0,50.0,0.2/2.3,0.0,38.0,42.7,0.54,,,168.0,
Guadeloupe,,,,,,,3.3,13.5,65.5,26.1,49.6/56.5,106.0,92.0,,,,,-0.3,98.5,,2.2,84.0/76.8,18.8/25.4,99.4/22.1,,5.8,,,,,,,,,,79.0,43.0,2.6/5.5,6.0,74.0,80.8,,,,650.0,
Guam,,,,,,,8.6,16.0,75.4,6.5,52.5/76.5,119.0,78.0,,,,,0.3,94.9,0.4,2.4,81.8/75.5,24.1/14.7,78.0/47.5,,10.1,,,,,,,2.5,,80.5,103.0,46.3,,0.0,1.0,40.2,,,,1544.0,
Guatemala,75620.0,2.8,4471.0,10.3,25.9,63.8,28.7,21.1,50.2,2.6,41.1/85.1,138.0,158.0,10731.0,19776.0,-9045.0,638.0,2.1,51.4,2.7,3.2,75.6/69.2,33.9/7.1,81.5/0.5,41.2,26.9,5.8,0.4,2.8,99.6/102.7,51.5/54.1,23.6/20.0,27.3,19.0,40.7,316.0,32.7,18.3/1.1,354.0,32.0,30.8,0.49,,,1660.0,
Guinea,10208.0,8.2,802.7,17.9,36.2,45.9,67.7,6.0,26.2,4.5,64.1/65.1,240.0,135.0,2152.0,2049.0,103.0,519.0,2.3,36.5,3.1,5.1,58.4/57.4,43.4/4.7,122.8/1.0,5.0,65.7,5.5,0.1,2.2,83.1/101.5,31.9/48.6,6.9/15.5,8.8,22.8,11.4,224.0,25.8,2.4/0.2,117.0,13.0,76.4,4.38,,,60.0,
Guinea-Bissau,1347.0,5.9,723.6,52.1,13.3,34.6,83.2,6.9,9.9,6.0,67.5/78.9,112.0,143.0,2310.0,196.0,2114.0,4.0,2.6,43.8,3.6,4.9,58.2/53.6,42.2/4.6,23.4/1.3,11.2,68.1,6.1,0.2,2.1,... / ...,... / ...,,9.5,13.7,3.9,83.0,69.8,0.3/0.1,26.0,17.0,52.6,8.4,,,44.0,
Guyana,3543.0,2.2,4555.1,14.8,38.2,47.0,12.9,26.3,60.8,11.8,41.3/73.5,114.0,130.0,1487.0,3998.0,-2511.0,128.0,0.5,26.7,0.4,2.6,72.2/65.4,27.9/10.4,15.5/2.0,,31.7,4.2,0.8,6.3,97.1/95.1,100.9/96.6,15.6/7.6,18.4,31.9,37.3,118.0,83.9,2.0/2.6,7.0,48.0,,1.4,,,247.0,
Haiti,8521.0,1.2,776.0,17.8,32.2,50.0,39.9,12.8,47.3,13.8,63.5/72.9,181.0,155.0,917.0,3601.0,-2683.0,-265.0,1.4,56.2,3.3,3.3,63.5/59.3,32.9/7.6,40.5/0.4,3.0,61.0,5.4,0.2,2.4,,,,10.0,2.5,12.3,262.0,3.5,2.9/0.3,141.0,17.0,10.5,11.59,,,467.0,
Holy See,,,,,,,,,,,,,,,,,,,,,,,,,,,,,,,,,,,,1.0,,,,,,,,,,
Honduras,22979.0,4.8,2480.1,13.4,27.2,59.4,27.8,21.3,50.9,4.3,47.3/83.6,144.0,124.0,4750.0,9562.0,-4812.0,-1003.0,1.8,57.7,3.0,2.7,76.3/71.6,31.2/7.2,38.7/0.4,176.6,18.4,8.4,0.3,6.0,95.0/95.4,57.8/50.6,24.0/17.6,56.5,21.1,32.1,318.0,40.0,9.5/1.2,121.0,27.0,65.0,2.07,130.0,,851.0,
Hungary,139761.0,4.1,14376.4,4.4,30.3,65.3,4.6,29.7,65.7,3.4,48.3/64.8,118.0,88.0,122450.0,115807.0,6643.0,806.0,-0.3,71.6,0.2,1.3,78.7/71.6,14.4/26.6,503.8/5.2,6.3,5.0,7.4,3.2,4.6,101.7/102.0,102.3/103.1,53.5/42.8,2.1,12.6,76.8,106.0,22.9,42.1/4.3,479.0,110.0,82.9,,122.0,1.2,15785.0,0.11
Iceland,24477.0,4.0,73060.2,5.7,22.4,71.9,3.0,15.0,82.1,2.9,71.8/80.2,125.0,126.0,5718.0,7865.0,-2147.0,764.0,0.6,93.9,0.6,2.0,83.8/80.6,19.6/21.1,41.9/12.5,0.8,1.6,8.3,4.0,7.7,99.5/99.6,117.7/117.5,96.8/51.8,0.3,38.1,98.3,29.0,0.5,2.0/6.1,302.0,996.0,18.0,,,2.1,2225.0,0.28
India,2575667.0,6.7,1923.3,17.1,29.1,53.9,40.5,24.1,35.4,3.5,23.4/78.6,160.0,145.0,321093.0,519677.0,-198584.0,-64855.0,1.2,34.5,2.4,2.4,69.0/66.7,26.6/9.9,5188.6/0.4,208.3,39.1,3.6,0.8,3.8,123.9/106.1,75.8/74.6,28.0/27.2,3.2,12.6,34.4,1078.0,23.8,2238.4/1.7,23301.0,28.0,26.1,0.12,163.0,0.6,15543.0,
Indonesia,1015539.0,5.1,3846.9,13.7,41.0,45.4,29.4,21.0,49.6,4.4,52.3/81.8,147.0,143.0,180215.0,188711.0,-8496.0,-31051.0,1.3,56.0,2.6,2.4,72.2/67.9,26.2/9.7,345.9/0.1,13.9,25.0,3.1,0.4,3.6,101.2/105.6,89.1/86.5,38.5/34.2,0.5,18.2,32.3,1399.0,49.9,464.2/1.8,18885.0,38.0,23.5,0.03,,0.1,14040.0,
Iran (Islamic Republic of),460976.0,3.8,5679.6,9.6,35.3,55.0,15.9,32.4,51.6,12.2,16.6/70.9,125.0,110.0,76724.0,43014.0,33710.0,,1.2,75.4,2.0,1.9,76.2/74.0,24.7/10.0,2699.2/3.3,979.5,15.2,8.1,1.1,3.8,109.8/106.2,89.9/88.5,65.5/72.0,2.5,5.9,60.4,146.0,6.6,649.5/8.3,16412.0,130.0,48.6,0.03,,0.3,4867.0,
Iraq,182024.0,1.0,4755.7,3.3,50.6,46.2,18.6,19.7,61.7,8.3,12.4/72.6,119.0,75.0,8402.0,35481.0,-27079.0,35270.0,3.6,70.7,3.4,4.2,71.6/67.2,38.0/5.1,366.6/1.0,2963.7,28.5,3.3,0.8,,... / ...,... / ...,... / ...,9.9,25.2,49.4,73.0,1.9,168.4/4.8,9667.0,62.0,5.1,1.49,,,892.0,
Ireland,331430.0,7.8,69603.9,1.2,38.6,60.2,5.2,18.8,76.0,6.0,54.8/67.6,106.0,110.0,167018.0,106931.0,60087.0,34638.0,0.4,63.4,0.6,2.0,82.5/78.7,21.2/19.3,806.5/16.9,13.1,3.4,7.4,3.1,3.8,101.0/101.6,118.6/115.5,81.6/73.7,0.8,22.2,84.5,56.0,11.0,34.1/7.3,176.0,124.0,89.9,,128.0,1.2,10338.0,0.32
Isle of Man,,,,,,,,,,2.6,57.5/69.3,161.0,,,,,,0.8,52.7,0.9,,,16.0/26.9,45.9/54.4,,,,,,,,,0.0,,,2.0,6.1,,1.0,8.0,,,,,,
Israel,353268.0,3.5,42452.1,1.3,21.7,76.9,1.0,17.0,82.0,3.8,59.2/69.0,107.0,109.0,61906.0,76584.0,-14678.0,9671.0,1.7,92.5,1.7,3.0,83.7/80.0,27.9/16.3,1962.1/23.6,53.9,3.4,7.3,3.2,5.9,104.3/103.4,104.8/103.1,73.6/52.2,1.4,29.2,81.6,196.0,7.7,64.6/8.1,346.0,116.0,15.7,,136.0,4.3,3613.0,0.11
Italy,1943835.0,1.6,32746.6,2.1,24.1,73.8,3.8,26.0,70.2,10.4,39.9/58.1,110.0,92.0,529067.0,488740.0,40327.0,50559.0,0.4,70.7,0.3,1.4,84.7/79.9,13.2/29.4,5907.5/10.0,313.5,3.0,8.9,4.1,4.1,100.2/100.5,101.9/103.7,72.4/54.1,0.7,35.7,61.3,426.0,31.8,320.4/5.4,1408.0,107.0,78.0,,80.0,1.3,58253.0,0.3
Jamaica,14827.0,1.0,5129.8,7.7,22.9,69.4,18.1,15.4,66.5,11.9,60.6/74.0,156.0,105.0,1456.0,7067.0,-5611.0,-461.0,0.6,56.0,0.8,2.1,75.5/72.5,23.5/13.0,23.3/0.8,,14.9,6.1,1.3,5.3,... / ...,84.8/80.1,34.2/19.8,47.0,17.5,48.8,319.0,30.9,7.4/2.7,9.0,41.0,22.0,0.43,,,2353.0,
Japan,4872415.0,1.7,38219.7,1.1,28.1,70.8,3.4,25.2,71.5,2.4,51.4/70.4,105.0,92.0,739755.0,759925.0,-20170.0,174719.0,-0.1,91.7,,1.4,86.5/80.0,12.6/34.0,2321.5/1.8,34.3,2.2,10.9,2.4,3.5,98.4/98.0,102.7/102.0,,0.3,10.2,90.9,430.0,68.5,1214.0/9.6,1481.0,140.0,68.5,,,3.1,28691.0,0.23
Jordan,40708.0,2.1,4195.7,5.8,29.1,65.0,3.6,26.9,69.5,14.5,14.2/63.7,125.0,145.0,7754.0,20797.0,-13043.0,-2969.0,4.9,91.2,5.8,3.4,75.5/72.2,33.6/5.9,3233.6/33.3,752.7,17.1,5.5,2.3,3.6,... / ...,65.9/63.9,33.9/29.6,1.5,15.4,66.8,123.0,1.1,26.5/3.6,10.0,38.0,,7.33,109.0,0.3,3844.0,
Kazakhstan,159407.0,4.0,8756.5,4.7,34.1,61.2,17.4,20.8,61.8,5.2,64.8/76.9,169.0,139.0,61439.0,33885.0,27554.0,-52.0,1.6,57.5,1.7,2.7,73.9/64.3,28.9/11.9,3635.2/20.0,8.2,14.1,3.5,3.3,2.9,105.8/104.0,113.4/112.5,55.5/47.6,4.8,27.1,76.4,80.0,1.2,248.3/14.3,6737.0,185.0,16.3,0.04,,0.1,4560.0,
Kenya,74938.0,4.9,1507.8,33.4,18.5,48.1,36.4,14.3,49.3,11.4,63.6/69.1,181.0,126.0,6241.0,19191.0,-12950.0,-5018.0,2.6,27.5,4.4,4.1,65.2/60.6,39.2/4.0,1078.6/2.2,487.3,41.6,4.5,0.2,5.2,105.5/105.1,... / ...,9.6/13.7,4.9,21.8,17.8,507.0,7.8,14.3/0.3,736.0,19.0,37.5,3.34,,,1364.0,
Kiribati,197.0,3.1,1694.3,23.8,15.4,60.8,,,,,... / ...,100.0,61.0,10.0,356.0,-347.0,71.0,1.5,54.8,3.5,3.8,70.6/62.5,35.8/6.5,3.0/2.6,,47.9,11.9,0.2,,103.0/97.0,... / ...,,7.5,6.5,14.6,105.0,15.0,0.1/0.6,1.0,13.0,52.5,22.23,,,6.0,
Kuwait,119534.0,-3.5,28897.2,0.5,48.7,50.9,3.4,26.4,70.2,2.0,57.3/85.3,125.0,191.0,62041.0,37593.0,24448.0,23428.0,5.0,100.0,5.4,2.1,75.9/74.1,21.6/6.0,3123.4/75.5,93.6,8.2,3.9,2.6,,97.1/97.5,101.4/94.0,42.7/23.0,1.8,4.6,98.0,54.0,0.4,95.4/25.4,7284.0,373.0,59.0,,114.0,0.4,7055.0,
Kyrgyzstan,7565.0,4.6,1251.4,13.8,29.7,56.5,25.6,22.3,52.1,7.4,47.7/75.8,154.0,117.0,1690.0,4830.0,-3139.0,-700.0,1.9,36.6,1.8,3.3,74.3/66.4,32.5/7.8,200.3/3.3,1.6,19.5,6.6,1.9,7.2,107.4/108.3,98.5/98.4,48.5/39.0,4.5,19.2,38.2,43.0,3.3,9.6/1.7,77.0,27.0,22.6,6.28,78.0,0.1,4568.0,
Lao People's Dem. Rep.,16853.0,6.9,2457.4,18.3,34.9,46.8,58.4,10.0,31.6,0.7,76.8/79.8,129.0,219.0,1611.0,6177.0,-4566.0,-1430.0,1.5,35.6,3.2,2.9,67.3/63.7,32.3/6.6,45.5/0.7,,47.0,2.4,0.5,2.9,105.2/108.7,65.5/70.2,16.1/15.4,7.0,27.5,25.5,242.0,82.1,2.0/0.3,267.0,36.0,45.5,3.01,,,3257.0,
Latvia,30463.0,4.6,15624.9,3.7,22.6,73.8,7.0,23.6,69.3,8.5,55.2/67.6,114.0,139.0,14632.0,18310.0,-3679.0,-296.0,-1.2,68.2,-1.2,1.5,78.8/69.0,16.3/27.1,256.9/13.2,234.3,5.2,6.2,3.2,5.3,99.5/99.3,110.2/111.3,105.1/72.0,3.4,31.0,81.3,32.0,54.0,7.0/3.5,102.0,91.0,97.3,,111.0,0.4,1949.0,0.11
Lebanon,53394.0,0.6,8778.5,3.1,15.7,81.2,3.0,20.2,76.8,6.7,23.5/71.0,119.0,89.0,9336.0,129793.0,-120457.0,-12396.0,5.5,88.8,6.2,2.1,80.6/76.9,25.6/10.8,1939.2/31.9,994.5,9.6,8.0,2.3,2.5,89.5/97.3,63.0/63.6,45.8/39.6,4.0,4.7,78.2,99.0,13.4,24.1/4.3,7.0,53.0,13.1,2.52,,,1857.0,
Lesotho,2632.0,-1.6,1178.3,6.1,35.4,58.5,10.0,40.3,49.7,28.2,59.8/75.1,148.0,96.0,577.0,1870.0,-1293.0,-114.0,0.6,28.6,2.9,3.3,51.3/45.2,32.5/7.5,6.7/0.3,0.1,65.4,8.1,,6.4,103.0/106.7,64.5/47.6,10.9/7.3,41.2,23.3,29.8,20.0,1.6,2.5/1.2,31.0,28.0,15.3,4.96,,,1137.0,
Liberia,2763.0,2.5,583.8,72.7,8.7,18.6,41.6,12.0,46.4,2.4,54.7/57.4,181.0,113.0,519.0,292.0,227.0,-566.0,2.8,51.6,3.4,4.8,62.2/59.2,40.8/5.2,98.6/2.1,9.9,60.1,9.6,,3.8,89.8/97.7,31.8/40.6,9.0/14.3,3.2,12.3,8.0,180.0,43.1,0.9/0.2,79.0,21.0,16.4,33.53,,,,
Libya,25127.0,64.0,3941.8,0.9,67.1,32.0,10.6,24.7,64.7,15.0,25.7/79.0,126.0,117.0,1064.0,3786.0,-2722.0,-4705.0,0.7,80.4,0.5,2.4,74.9/68.9,28.1/6.7,788.4/12.4,295.3,13.0,6.1,2.2,,... / ...,... / ...,... / ...,2.5,16.0,21.8,68.0,0.1,57.0/9.1,1262.0,99.0,4.6,0.83,,,,
Liechtenstein,6296.0,0.7,166021.7,4.6,41.0,54.3,,,,2.6,53.5/70.6,,97.0,,,,,0.8,14.4,0.5,1.5,,14.9/22.7,24.7/65.1,0.3,,,,2.6,103.4/107.5,101.9/130.3,24.8/45.3,0.0,12.0,98.1,9.0,43.1,~0.0 /        1.1,1.0,79.0,75.8,,,,79.0,0.5
Lithuania,47544.0,4.1,16449.7,3.5,29.0,67.6,7.3,24.4,68.3,6.8,56.4/66.7,116.0,131.0,33405.0,36514.0,-3109.0,817.0,-1.3,67.9,-1.1,1.6,79.3/68.5,15.1/26.9,124.7/4.3,5.0,4.4,6.7,4.3,4.2,102.8/103.0,105.0/109.7,82.5/60.1,5.2,21.3,77.6,29.0,34.8,12.8/4.4,77.0,103.0,91.6,,117.0,0.8,2523.0,0.13
Luxembourg,62316.0,1.5,106805.8,0.3,12.1,87.7,0.9,11.5,87.6,5.2,53.5/62.5,113.0,103.0,15776.0,23583.0,-7807.0,3389.0,2.2,91.2,2.6,1.5,83.4/78.8,15.7/19.7,264.1/45.3,3.1,3.4,6.2,3.0,3.9,100.6/100.9,105.3/102.1,20.6/18.6,0.7,25.0,97.8,11.0,35.7,9.7/17.3,7.0,271.0,78.7,,86.0,1.2,1046.0,1.0
Madagascar,13208.0,1.2,516.5,27.7,13.5,58.8,73.9,9.3,16.8,1.8,83.7/89.3,161.0,118.0,2885.0,3427.0,-542.0,-53.0,2.7,37.9,4.7,4.4,66.0/63.0,40.4/4.9,33.8/0.1,0.1,36.8,6.0,0.2,2.8,144.0/143.7,37.1/36.7,4.6/5.0,7.7,19.2,9.8,1929.0,21.4,3.1/0.1,135.0,7.0,24.3,6.99,,,255.0,
Malawi,6339.0,5.1,340.4,31.9,15.8,52.2,84.6,8.4,7.0,6.0,72.9/82.3,383.0,146.0,836.0,1549.0,-712.0,-1021.0,2.8,17.2,3.9,4.9,62.5/56.6,43.5/4.1,237.1/1.3,37.7,52.6,9.8,,4.0,142.4/137.5,37.0/39.3,0.6/0.9,1.7,16.7,13.8,123.0,33.2,1.3/0.1,68.0,5.0,81.6,24.6,,,837.0,
Malaysia,314707.0,5.9,9951.4,8.9,39.3,51.7,10.3,27.0,62.6,3.3,51.1/77.6,121.0,123.0,246670.0,218764.0,27906.0,7590.0,1.4,76.6,2.7,2.1,77.2/73.0,23.7/10.6,2703.6/8.5,248.8,6.4,3.8,1.5,4.7,103.6/102.6,88.4/84.1,45.5/38.6,2.1,14.4,80.1,1311.0,67.6,242.8/8.1,3787.0,113.0,39.5,-0.01,116.0,1.3,25948.0,
Maldives,4866.0,6.9,11151.1,6.6,14.9,78.5,7.0,24.5,68.5,4.9,42.0/82.2,136.0,67.0,174.0,2790.0,-2616.0,-1338.0,4.4,40.2,3.9,2.1,78.4/75.5,19.9/5.8,67.0/15.4,,9.0,10.6,1.0,4.3,101.5/101.6,... / ...,20.5/9.9,0.8,4.7,63.2,76.0,3.3,1.3/3.7,0.0,48.0,0.0,1.02,,,1390.0,
Mali,15236.0,6.9,821.7,40.7,18.5,40.8,56.1,8.6,35.4,8.1,61.3/80.9,110.0,171.0,1269.0,5622.0,-4353.0,-1210.0,2.9,43.1,5.0,6.4,56.9/55.6,47.3/3.9,383.7/2.1,89.9,78.5,3.8,0.1,3.1,75.6/84.5,37.0/45.8,3.2/7.7,10.9,8.8,12.7,49.0,3.8,1.4/0.1,57.0,5.0,33.8,9.1,91.0,0.3,193.0,
Malta,12553.0,6.7,29137.0,1.1,12.9,86.0,1.2,18.9,79.9,3.8,43.2/66.0,112.0,90.0,3863.0,7219.0,-3357.0,1433.0,0.9,94.7,0.6,1.4,83.4/79.4,14.3/27.6,45.5/10.6,9.8,5.5,9.3,3.8,5.3,106.6/102.6,97.8/93.8,56.8/41.5,0.9,11.9,80.1,40.0,1.1,2.3/5.6,1.0,59.0,99.4,,97.0,0.6,2274.0,0.21
Marshall Islands,199.0,2.5,3753.3,15.8,10.7,73.6,,,,4.7,29.0/53.3,,104.0,16.0,57.0,-41.0,-16.0,0.2,77.4,0.8,4.1,72.5/71.3,39.0/5.5,3.3/6.2,,25.4,23.3,0.5,,90.0/88.6,76.5/69.8,41.2/44.6,,9.1,38.7,101.0,70.2,0.1/1.9,0.0,42.0,25.4,27.46,,,6.0,
Martinique,,,,,,,3.9,11.8,69.0,22.8,52.6/53.8,106.0,79.0,,,,,-0.8,89.1,-0.5,2.0,84.4/77.8,16.0/28.4,61.6/16.0,,6.4,,,,,,,,,,55.0,45.8,2.3/5.8,2.0,81.0,99.1,,,,536.0,
Mauritania,4992.0,3.5,1129.4,24.7,33.2,42.1,75.3,7.2,17.5,9.9,29.2/63.2,108.0,120.0,2134.0,3414.0,-1280.0,-709.0,2.9,54.5,4.8,4.9,65.0/61.4,39.9/5.0,168.4/3.8,84.9,58.9,4.2,0.2,2.6,98.0/92.8,31.5/32.9,3.2/6.4,9.9,20.3,20.8,88.0,0.2,2.7/0.7,30.0,12.0,14.6,5.73,,,,
Mauritius,13366.0,3.9,10564.9,3.5,20.5,76.0,6.9,25.5,67.7,7.0,44.9/71.4,129.0,92.0,2156.0,6280.0,-4124.0,-815.0,0.2,40.8,-0.1,1.5,77.7/70.7,17.3/17.8,28.7/2.3,,12.0,5.7,2.0,5.0,102.5/100.7,99.1/92.5,43.8/34.0,1.8,11.6,55.6,263.0,19.0,4.2/3.3,11.0,53.0,10.4,0.09,117.0,0.2,1342.0,
Mayotte,,,,,,,,,,,,,,,,,,2.8,45.9,2.0,4.1,82.9/76.0,39.6/6.0,74.4/29.4,,4.2,,,,,,,,,,94.0,15.1,,0.0,21.0,54.1,,,,,
Mexico,1158229.0,2.1,8967.2,3.6,32.5,63.9,12.9,25.9,61.2,3.3,43.9/78.8,137.0,126.0,450532.0,464268.0,-13737.0,-22186.0,1.3,80.4,1.8,2.3,77.9/72.0,26.2/11.0,1224.2/0.9,99.9,15.2,5.5,2.2,5.2,103.9/103.3,104.2/95.8,38.8/37.6,19.3,48.2,63.9,1284.0,33.9,480.3/3.8,7531.0,61.0,33.4,0.07,110.0,0.5,39291.0,
Micronesia (Fed. States of),336.0,2.0,3187.6,27.5,6.5,66.0,,,,,,113.0,101.0,2.0,14.0,-12.0,22.0,1.1,22.8,0.3,3.3,68.6/65.2,31.5/7.6,2.8/2.6,,30.3,12.6,,12.5,95.7/95.4,... / ...,,4.7,0.0,35.3,168.0,91.9,0.2/1.4,0.0,21.0,1.3,13.05,,,30.0,
Monaco,6401.0,,165421.0,,12.8,87.2,,,,,... / ...,,,,,,,0.6,100.0,0.6,,,... / ...,21.3/54.9,,,1.7,6.6,1.4,,,,0.0,33.3,97.1,23.0,,,,,,,,,355.0,
Mongolia,11135.0,5.1,3620.4,11.9,40.0,48.2,28.9,19.4,51.7,6.2,53.2/66.6,112.0,161.0,7071.0,6317.0,754.0,-2207.0,2.0,68.5,2.1,2.8,72.7/64.5,30.8/7.0,18.2/0.6,,22.8,3.8,2.9,4.1,103.3/105.6,... / ...,76.4/53.5,5.7,17.1,23.7,40.0,8.0,20.8/7.2,959.0,97.0,43.7,7.74,183.0,0.2,469.0,
Montenegro,4845.0,4.7,7702.6,8.4,19.4,72.2,7.2,17.9,74.9,16.2,43.5/57.8,116.0,66.0,447.0,3069.0,-2622.0,-943.0,0.1,67.2,0.6,1.7,78.5/73.6,18.2/21.7,71.0/11.3,14.5,4.3,,2.3,,97.5/98.9,89.7/90.1,65.6/51.4,4.5,23.5,71.3,100.0,61.5,2.2/3.5,28.0,65.0,11.9,2.41,64.0,0.4,1877.0,
Montserrat,60.0,-2.8,11581.9,1.4,11.8,86.8,,,,5.6,... / ...,109.0,104.0,5.0,33.0,-28.0,-6.0,0.7,9.1,0.5,,,19.7/19.6,1.4/26.3,,,,,,... / ...,... / ...,,19.9,,54.6,59.0,25.0,~0.0 /        9.6,,81.0,30.6,,,,9.0,
Morocco,109709.0,5.6,3069.7,14.0,29.5,56.5,36.4,19.6,44.0,9.3,21.3/70.2,111.0,122.0,24446.0,38058.0,-13612.0,-6445.0,1.4,63.0,2.4,2.6,76.3/73.7,27.0/11.4,95.8/0.3,7.2,24.2,5.8,0.7,,109.4/115.1,75.1/84.0,33.3/34.2,1.2,20.5,61.8,226.0,12.6,59.9/1.7,90.0,23.0,43.0,1.76,,,11349.0,
Mozambique,12652.0,3.7,426.4,22.7,26.5,50.8,73.2,4.8,22.0,24.8,77.3/79.5,177.0,149.0,5196.0,6786.0,-1590.0,-4362.0,2.8,36.5,4.5,5.2,56.8/51.5,44.4/4.4,247.0/0.8,47.4,62.8,5.1,0.1,6.5,101.3/108.7,33.2/36.7,6.2/7.7,3.4,39.6,20.8,364.0,48.0,8.4/0.3,745.0,19.0,31.3,15.1,,0.3,1447.0,
Myanmar,67102.0,6.8,1257.3,23.7,36.2,40.1,46.8,17.1,36.1,0.8,47.5/77.0,155.0,137.0,16581.0,23335.0,-6754.0,-4504.0,0.8,30.9,1.5,2.2,68.0/61.3,25.9/9.7,74.7/0.1,862.9,43.7,5.1,0.9,2.2,110.0/116.1,67.0/61.2,19.0/13.0,2.3,11.3,30.7,333.0,43.6,21.6/0.4,1175.0,16.0,22.9,2.34,,,3443.0,
Namibia,13245.0,-0.8,5227.2,7.4,30.3,62.3,19.6,19.8,60.7,23.2,56.7/66.2,152.0,93.0,5517.0,6845.0,-1328.0,-312.0,1.8,51.0,4.6,3.6,63.0/57.7,36.9/5.6,95.1/3.8,3.7,38.6,9.1,,3.1,117.3/121.0,... / ...,26.2/15.0,17.1,46.2,36.8,116.0,8.3,3.8/1.6,20.0,33.0,85.4,1.43,127.0,0.3,1499.0,
Nauru,114.0,4.0,10045.4,3.2,59.3,37.6,,,,23.0,49.3/78.9,,114.0,,,,,2.3,100.0,2.3,3.9,64.8/57.8,39.5/4.0,3.7/32.7,0.8,18.0,11.1,1.2,,108.5/105.7,79.0/76.5,,0.0,10.5,57.0,83.0,0.0,~0.0 /        4.8,0.0,61.0,0.0,17.71,,,,
Nepal,24870.0,7.5,848.7,29.4,14.6,56.0,70.6,8.3,21.1,2.6,81.7/84.3,122.0,140.0,684.0,9502.0,-8818.0,-815.0,,20.2,3.2,2.3,70.0/67.3,29.6/8.6,502.7/1.7,21.6,33.8,6.3,0.7,5.1,138.4/130.1,75.0/67.6,12.4/11.1,2.2,32.7,21.4,106.0,25.4,8.0/0.3,422.0,19.0,54.6,5.13,,,940.0,
Netherlands,830573.0,3.2,48754.1,2.1,19.4,78.5,2.1,16.2,81.7,3.4,57.9/68.6,113.0,118.0,576573.0,522846.0,53728.0,99063.0,0.3,91.9,1.0,1.7,83.1/79.4,15.9/26.1,2056.5/12.1,111.9,3.5,10.4,3.5,5.4,103.3/103.3,133.8/131.6,85.3/75.6,0.6,31.3,93.2,45.0,11.2,167.3/9.9,1925.0,180.0,91.4,,103.0,2.0,17924.0,0.6
New Caledonia,9894.0,2.7,35815.5,1.4,26.2,72.4,3.3,31.5,65.2,14.8,57.1/67.8,110.0,105.0,2057.0,2733.0,-676.0,-654.0,1.3,71.1,2.1,2.2,79.3/73.7,22.4/13.8,66.0/23.9,,13.0,,,,,,,,,82.0,593.0,45.9,4.3/16.5,1.0,247.0,66.4,,,,121.0,
New Zealand,202044.0,2.8,42935.0,5.4,22.9,71.7,6.4,19.9,73.6,5.2,64.5/75.6,112.0,117.0,39797.0,43685.0,-3888.0,-7396.0,1.1,86.6,1.1,2.0,83.1/79.5,19.6/21.7,1067.4/22.7,1.9,4.4,9.2,3.0,6.3,100.2/99.8,118.2/111.1,97.1/67.8,1.0,40.0,90.8,219.0,38.6,34.7/7.7,758.0,204.0,44.3,,97.0,1.3,3555.0,0.23
Nicaragua,13814.0,4.9,2221.8,17.2,26.2,56.6,28.2,17.7,54.1,4.5,50.9/83.6,154.0,132.0,3927.0,8831.0,-4903.0,83.0,1.3,58.8,1.5,2.5,76.4/69.8,29.9/8.4,41.2/0.7,0.8,17.8,8.7,1.0,4.3,... / ...,... / ...,... / ...,7.4,44.6,27.9,154.0,25.9,4.9/0.8,90.0,27.0,73.7,4.19,,0.1,1787.0,
Niger,8120.0,4.9,378.1,41.9,16.8,41.3,74.8,7.7,17.4,0.4,67.2/90.4,104.0,173.0,342.0,1314.0,-972.0,-1271.0,3.9,16.5,3.9,7.4,60.3/58.1,49.8/4.1,295.6/1.4,350.3,55.9,6.2,,3.5,69.9/80.1,20.8/28.4,2.5/5.8,4.4,17.0,10.2,37.0,0.9,2.1/0.1,105.0,5.0,42.7,15.4,,,164.0,
Nigeria,375770.0,0.8,1968.6,21.1,22.6,56.4,36.1,11.8,52.2,7.0,50.6/59.7,240.0,119.0,67934.0,32071.0,35863.0,10381.0,2.7,51.2,4.6,5.7,52.8/51.2,43.7/4.5,1235.1/0.6,2190.8,75.0,3.6,0.4,,82.2/87.1,39.8/44.1,8.3/12.0,9.8,5.6,27.7,372.0,7.2,96.3/0.6,10001.0,34.0,79.6,0.92,,,1889.0,
Niue,,,,,,,,,,,... / ...,,101.0,,,,,-0.1,45.5,1.9,2.6,76.3/70.1,22.8/20.1,0.6/34.2,,8.1,7.3,,,125.3/132.5,114.1/104.1,,0.0,,79.6,53.0,69.2,~0.0 /        5.7,0.0,61.0,95.3,,,,10.0,
North Macedonia,11280.0,0.2,5414.6,9.1,27.9,63.0,15.7,29.5,54.8,22.0,42.7/67.3,113.0,123.0,6906.0,9052.0,-2145.0,-46.0,0.1,58.2,0.2,1.5,77.2/73.1,16.4/20.3,131.0/6.3,1.1,8.9,6.3,2.9,,93.7/94.1,81.2/82.6,45.9/36.7,1.6,38.3,76.3,125.0,39.6,7.5/3.6,51.0,56.0,21.1,1.38,113.0,0.4,631.0,
Northern Mariana Islands,,,,,,,,,,,... / ...,,,1839.0,4930.0,-3091.0,,0.1,91.7,0.2,1.6,77.9/74.9,23.5/10.0,21.8/39.5,,6.4,,,,,,,,,,102.0,63.8,,,,40.6,,,,656.0,
Norway,399470.0,2.0,75295.3,2.3,33.7,64.0,2.0,19.5,78.5,3.8,60.2/66.5,118.0,107.0,121917.0,90413.0,31503.0,35182.0,1.2,82.6,1.7,1.8,83.6/79.5,17.4/23.0,798.9/15.1,63.6,2.4,10.5,4.6,7.6,100.2/100.3,114.2/119.4,98.7/66.3,0.5,40.8,96.5,75.0,33.2,47.6/9.2,8718.0,216.0,55.9,,85.0,2.0,6252.0,0.99
Oman,70784.0,-0.9,15267.4,2.2,47.9,49.9,6.5,38.2,55.2,3.2,30.9/89.4,112.0,144.0,43938.0,25154.0,18784.0,-10764.0,6.8,85.4,8.0,2.9,78.7/74.5,22.4/4.2,2073.3/44.7,0.7,9.6,4.3,2.0,6.7,108.8/105.7,100.9/104.1,59.7/32.8,0.7,1.2,80.2,106.0,,61.2/14.4,3379.0,242.0,11.5,,181.0,0.2,2372.0,
Pakistan,302139.0,5.7,1533.6,24.7,19.1,56.3,40.5,24.0,35.5,4.3,24.1/81.5,165.0,128.0,23631.0,60163.0,-36532.0,-18250.0,2.1,36.9,2.7,3.8,67.0/65.1,35.1/6.6,3398.2/1.7,1580.0,68.1,2.8,1.0,2.8,88.6/102.8,40.6/50.0,9.4/10.8,4.4,20.2,15.5,148.0,1.9,166.3/0.9,2438.0,19.0,36.6,0.71,,0.2,966.0,
Palau,292.0,-3.7,13417.3,3.5,10.3,86.2,,,,,... / ...,118.0,,2.0,158.0,-156.0,-52.0,0.8,80.5,1.7,2.2,77.8/68.1,20.3/13.1,5.0/23.0,,13.3,11.7,1.2,,112.5/117.0,118.3/112.3,78.1/50.6,3.1,12.5,,186.0,87.6,0.3/12.4,,144.0,36.6,7.91,,,123.0,
Panama,61838.0,5.4,15087.7,2.5,29.8,67.8,14.0,17.8,68.2,4.7,52.5/80.4,123.0,112.0,710.0,13798.0,-13088.0,-5067.0,1.7,68.1,2.2,2.6,80.4/74.4,26.8/11.9,190.7/4.7,62.1,16.0,7.3,1.6,3.2,92.2/93.9,83.1/80.9,58.0/36.8,9.7,18.3,57.9,395.0,61.9,8.8/2.3,39.0,42.0,38.8,0.08,,0.1,1843.0,
Papua New Guinea,22006.0,-1.5,2667.0,19.3,31.3,49.4,20.1,7.6,72.4,2.7,45.7/47.5,136.0,122.0,10906.0,2893.0,8013.0,5532.0,2.1,13.2,2.2,3.8,64.1/61.4,35.5/5.9,32.4/0.4,9.9,48.3,2.0,,,106.5/116.5,40.9/56.2,,,0.0,11.2,527.0,74.1,6.3/0.8,376.0,23.0,7.3,2.63,,,179.0,
Paraguay,29435.0,4.3,4321.5,20.0,29.8,50.3,20.5,19.5,60.0,4.6,57.2/84.0,140.0,164.0,9045.0,13334.0,-4289.0,175.0,1.4,61.9,1.8,2.6,75.2/71.3,29.2/9.7,160.5/2.4,0.3,20.8,8.0,1.4,4.5,104.3/107.6,79.1/74.2,... / ...,9.3,15.0,61.1,64.0,37.7,5.7/0.9,344.0,39.0,23.3,0.51,124.0,0.1,1584.0,
Peru,211403.0,2.5,6572.4,7.4,33.8,58.9,27.5,15.9,56.5,3.7,70.2/84.8,127.0,150.0,51004.0,45297.0,5707.0,-2720.0,1.0,78.1,1.6,2.4,77.7/72.6,25.3/12.1,93.8/0.3,170.9,14.1,5.1,1.3,3.9,102.6/102.3,98.3/98.5,73.6/65.8,7.7,30.0,48.7,742.0,57.7,61.7/2.0,974.0,32.0,,0.0,142.0,0.1,4032.0,
Philippines,313595.0,6.7,2989.0,9.7,30.5,59.9,24.6,18.0,57.4,1.8,45.9/74.1,117.0,113.0,67488.0,115038.0,-47550.0,-7879.0,1.7,47.1,2.1,3.0,74.6/66.2,30.5/8.3,218.5/0.2,417.1,23.7,4.4,,,109.0/112.7,93.3/85.2,40.3/30.5,11.0,29.4,60.1,780.0,27.8,105.7/1.1,1106.0,21.0,41.7,0.04,,0.1,6621.0,
Poland,526212.0,4.8,13785.7,3.2,32.9,63.9,10.0,30.8,59.1,4.4,48.7/65.2,112.0,113.0,247643.0,250313.0,-2670.0,-3929.0,-0.2,60.0,-0.2,1.3,81.2/73.1,15.2/25.4,640.9/1.7,26.3,4.4,6.5,2.4,4.8,110.6/109.6,105.5/108.5,80.6/53.2,0.7,29.1,76.0,65.0,30.9,285.7/7.4,2791.0,109.0,88.1,,154.0,1.0,18258.0,0.13
Portugal,195041.0,0.9,18881.9,2.3,22.4,75.3,6.5,24.3,69.2,6.7,53.6/63.8,110.0,108.0,68652.0,88958.0,-20307.0,-1508.0,-0.4,65.8,0.5,1.3,83.6/77.4,13.3/28.9,880.2/8.5,1.9,2.9,9.1,3.3,4.9,103.3/107.1,115.9/119.1,66.4/59.5,0.6,35.6,73.8,410.0,34.6,45.1/4.3,254.0,88.0,73.9,,88.0,1.3,15432.0,0.18
Puerto Rico,104219.0,-2.4,28450.7,0.8,50.9,48.3,3.2,17.1,79.7,10.3,32.2/51.1,107.0,102.0,,,,,-1.1,93.6,-0.3,1.5,82.7/75.4,16.3/26.2,273.5/7.5,,6.4,,,6.1,81.0/79.4,77.4/72.0,97.2/68.9,18.5,,72.8,140.0,56.3,,1.0,17.0,34.0,,,0.4,3797.0,
Qatar,167605.0,1.6,63505.9,0.2,52.8,47.0,1.2,54.7,44.1,0.1,57.7/95.0,109.0,166.0,77360.0,29075.0,48285.0,16652.0,6.5,99.2,6.7,2.0,81.1/78.3,13.6/3.3,1721.4/65.2,1.5,7.3,3.1,,2.9,103.8/104.6,96.3/77.3,51.0/6.6,0.4,9.8,95.9,47.0,0.0,107.9/49.7,9519.0,686.0,50.0,,226.0,0.5,2256.0,
Republic of Korea,1530751.0,3.1,30025.2,2.2,39.6,58.3,4.7,24.4,70.9,3.6,52.7/73.3,115.0,103.0,624964.0,513548.0,111416.0,76408.0,0.5,81.4,0.3,1.2,84.4/77.9,12.7/22.1,1151.9/2.3,19.0,3.0,7.3,2.4,5.3,97.1/96.9,99.8/99.7,81.7/104.7,0.7,17.1,95.1,124.0,63.4,587.2/11.7,2117.0,232.0,36.6,,151.0,4.2,13336.0,0.14
Republic of Moldova,8128.0,4.5,2006.4,14.3,20.9,64.8,31.8,17.2,51.0,4.3,38.4/45.4,159.0,111.0,3114.0,6216.0,-3103.0,-1187.0,-0.1,42.7,-0.2,1.3,75.2/66.7,15.9/18.4,140.0/3.5,5.0,14.2,9.0,3.2,6.7,91.1/91.4,86.5/87.1,46.7/35.7,3.2,22.8,76.1,33.0,12.6,4.9/1.2,33.0,26.0,23.6,2.79,94.0,0.3,145.0,
Réunion,,,,,,,4.3,12.7,81.7,28.9,49.1/61.3,127.0,102.0,,,,,0.8,99.6,0.9,2.4,82.9/76.0,22.8/17.6,129.2/14.7,,4.2,,,,,,,,,36.3,135.0,35.1,4.2/4.9,9.0,69.0,45.8,,,,508.0,
Romania,211804.0,6.9,10762.8,5.2,35.9,58.9,21.9,28.1,50.0,5.0,45.2/63.8,119.0,95.0,80710.0,98026.0,-17316.0,-10757.0,-0.5,54.1,-0.5,1.5,78.4/71.5,15.6/25.7,370.8/1.9,4.7,8.4,5.0,2.3,3.1,88.9/90.0,88.6/89.3,53.3/43.0,1.2,20.7,63.7,126.0,30.1,70.0/3.6,1045.0,67.0,77.3,,155.0,0.5,10926.0,0.11
Russian Federation,1577524.0,1.5,10955.8,4.4,33.3,62.3,6.5,26.7,66.8,4.9,54.5/70.0,173.0,139.0,452571.0,239459.0,213112.0,113810.0,0.2,74.6,0.2,1.7,76.0/64.6,18.2/22.0,11651.5/8.1,185.2,8.3,5.3,4.0,3.8,102.3/101.8,104.0/105.6,89.3/74.7,10.8,15.8,76.0,239.0,49.8,1705.3/11.9,57240.0,212.0,26.9,,121.0,1.1,24390.0,0.08
Rwanda,9136.0,6.1,748.4,33.3,16.9,49.8,64.8,8.4,26.8,1.4,84.2/83.5,137.0,140.0,1121.0,3256.0,-2135.0,-628.0,2.5,17.3,2.6,4.2,67.6/63.8,39.8/5.0,443.1/3.6,152.5,39.4,6.8,0.1,3.2,132.8/134.1,40.3/35.9,7.2/8.1,2.5,61.2,21.8,97.0,19.7,0.8/0.1,86.0,8.0,45.7,13.71,,,932.0,
Saint Helena,,,,,,,,,,,,,,,63.0,-63.0,,-0.7,39.9,-0.7,,,,0.6/15.0,,,,,,,,,,,37.6,155.0,5.1,~0.0 /        3.1,0.0,37.0,54.8,,,,,
Saint Kitts and Nevis,931.0,1.2,16818.0,1.2,28.8,70.0,,,,,... / ...,106.0,39.0,35.0,430.0,-395.0,-86.0,1.1,30.8,0.8,,,... / ...,7.6/13.7,,,5.7,2.5,2.8,,,,34.2,13.3,80.7,55.0,42.3,0.2/4.2,0.0,63.0,29.2,3.92,,,122.0,
Saint Lucia,1718.0,3.0,9607.0,2.1,12.4,85.5,15.2,17.5,67.3,19.8,60.4/75.3,110.0,65.0,91.0,622.0,-531.0,-47.0,0.6,18.8,0.6,1.5,76.6/73.9,18.2/14.4,12.9/7.2,,16.0,5.3,,5.7,... / ...,88.4/87.9,26.8/13.4,19.3,16.7,50.8,66.0,33.2,0.4/2.2,0.0,34.0,46.0,0.97,,,386.0,
Saint Pierre and Miquelon,,,,,,,,,,,,,115.0,931.0,3402.0,-2471.0,,,89.9,0.1,,,... / ...,1.0/15.7,,,,,,,,,,,,16.0,13.7,0.1/12.2,0.0,174.0,,,,,,
Saint Vincent & Grenadines,780.0,0.7,7098.8,8.3,17.8,74.0,5.8,12.6,81.6,18.2,57.3/79.0,107.0,110.0,42.0,378.0,-336.0,-135.0,0.2,52.6,0.8,2.0,74.5/69.6,22.2/14.3,4.6/4.2,,17.4,3.6,,5.8,101.9/103.8,106.9/111.7,,36.5,13.0,65.6,61.0,69.2,0.2/1.9,0.0,30.0,42.7,1.49,,,76.0,
Samoa,856.0,-0.4,4355.7,10.8,21.9,68.8,5.8,14.2,80.0,8.0,23.6/38.5,112.0,118.0,30.0,381.0,-351.0,-3.0,0.8,18.1,-0.4,4.2,74.5/70.2,37.9/7.8,4.9/2.5,,15.1,5.5,0.3,4.1,108.8/108.5,88.6/80.3,... / ...,3.1,10.0,33.6,95.0,60.4,0.2/1.0,1.0,24.0,36.5,15.88,,,146.0,
San Marino,1690.0,1.9,50587.6,,35.2,64.8,,,,6.6,... / ...,111.0,,,,,,1.2,97.4,1.4,,86.4/81.7,15.0/24.1,5.2/15.7,,,6.4,6.1,2.4,92.6/93.9,95.9/93.5,69.9/50.5,0.0,25.0,60.2,1.0,0.0,,,,,,,,78.0,
Sao Tome and Principe,393.0,3.9,1921.3,11.7,15.4,72.9,15.2,13.8,70.9,13.5,43.2/76.1,185.0,109.0,12.0,164.0,-152.0,-62.0,2.0,73.6,3.8,4.6,70.8/66.2,42.1/4.9,2.3/1.1,,32.1,6.0,0.3,4.9,108.1/112.4,96.0/83.5,13.3/12.8,3.4,14.6,29.9,103.0,55.8,0.1/0.6,1.0,14.0,58.0,10.25,,,29.0,
Saudi Arabia,683827.0,-0.7,20760.9,2.5,45.1,52.4,6.2,22.6,71.2,5.3,23.5/79.5,119.0,106.0,308998.0,129442.0,179556.0,72337.0,2.9,84.1,3.1,2.7,76.0/73.1,24.9/5.7,12185.3/37.0,71.2,8.7,5.7,2.4,,115.2/117.3,101.5/131.3,68.5/69.4,1.5,19.9,82.1,139.0,0.5,601.0/19.5,28132.0,267.0,21.0,,135.0,0.8,16109.0,
Senegal,21126.0,6.7,1332.8,16.5,25.6,57.9,52.1,20.4,27.5,4.8,35.3/58.5,109.0,145.0,3419.0,8011.0,-4592.0,-1522.0,2.8,47.7,3.9,5.0,67.5/63.8,42.8/4.8,265.6/1.7,18.1,38.3,5.6,0.1,6.2,90.4/78.0,47.4/43.4,8.5/13.9,7.4,41.8,29.6,133.0,42.8,8.9/0.6,66.0,12.0,41.2,5.76,102.0,0.8,1365.0,
Serbia,41590.0,2.0,5912.1,7.3,31.4,61.3,18.2,24.4,57.3,12.2,46.6/61.8,141.0,105.0,19226.0,25882.0,-6656.0,-2630.0,-0.3,56.3,-0.1,1.5,77.4/72.1,15.5/25.2,801.9/9.1,250.7,6.1,9.1,3.1,3.9,100.4/100.3,95.9/95.1,76.9/56.7,1.4,37.6,70.3,78.0,31.1,37.7/4.3,446.0,90.0,30.2,4.38,96.0,0.9,1497.0,
Seychelles,1487.0,6.3,15692.7,2.4,13.7,83.9,3.6,17.9,78.2,4.1,61.9/68.3,128.0,99.0,758.0,2186.0,-1428.0,-269.0,0.8,57.1,1.3,2.4,77.0/69.6,23.7/12.5,12.9/13.6,,12.4,3.9,0.9,4.4,110.3/108.7,94.8/88.6,31.5/13.8,12.7,21.2,58.8,443.0,88.4,0.5/5.2,0.0,90.0,19.7,1.37,,0.2,350.0,
Sierra Leone,3740.0,3.8,494.8,61.6,5.3,33.1,59.0,6.3,34.7,4.2,57.6/58.3,205.0,195.0,20.0,985.0,-965.0,-535.0,2.2,42.5,3.3,4.8,52.3/50.5,40.7/4.6,95.2/1.3,0.7,97.1,16.5,,4.6,121.8/120.0,39.8/41.9,... / ...,1.7,12.3,13.2,192.0,43.1,1.3/0.2,54.0,9.0,80.3,14.68,,,55.0,
Singapore,323901.0,3.6,56736.8,,24.8,75.2,0.1,16.1,83.8,1.7,60.4/76.1,114.0,115.0,412522.0,370541.0,41981.0,63910.0,1.7,100.0,1.7,1.2,84.5/80.1,12.3/19.9,2623.4/46.0,,2.1,4.5,2.3,2.9,100.7/100.9,107.7/108.6,90.6/77.9,0.3,23.0,84.4,307.0,23.1,56.4/10.2,28.0,162.0,21.1,,,2.2,13903.0,
Sint Maarten (Dutch part),1072.0,-8.4,27115.5,0.1,9.2,90.7,,,,,,,,,,,63.0,3.1,100.0,3.1,,77.1/69.2,21.0/10.4,28.3/70.4,,,,,,,,,,,,55.0,,0.7/19.5,,302.0,6.4,,,,402.0,
Slovakia,95618.0,3.2,17552.1,3.4,34.9,61.7,2.8,35.8,61.4,7.0,52.5/67.0,112.0,98.0,93226.0,92983.0,244.0,-2614.0,0.1,53.7,-0.2,1.4,79.8/72.5,15.5/22.8,184.6/3.4,2.5,5.4,7.1,2.5,4.6,97.3/98.4,91.7/90.8,57.9/38.1,1.0,20.0,81.6,83.0,40.4,30.7/5.6,266.0,126.0,83.6,,158.0,0.8,2162.0,0.13
Slovenia,48456.0,4.9,23296.4,2.0,32.8,65.2,4.7,31.1,64.2,6.0,52.9/62.0,109.0,88.0,36400.0,36100.0,299.0,3785.0,0.3,54.8,0.7,1.6,83.1/77.1,15.1/27.2,244.8/11.8,1.0,2.2,8.5,3.0,4.9,99.5/99.1,116.4/114.3,91.7/64.2,0.5,24.4,78.9,148.0,62.0,12.8/6.2,144.0,134.0,88.7,,104.0,2.0,3586.0,0.16
Solomon Islands,1212.0,3.5,1982.3,25.6,15.2,59.2,69.3,9.8,20.9,2.1,62.4/80.2,127.0,113.0,626.0,495.0,131.0,-51.0,2.7,24.2,4.3,4.4,73.3/69.8,40.1/5.5,2.5/0.4,,20.2,5.2,0.2,,113.9/114.8,47.0/49.5,,,2.0,11.9,242.0,77.9,0.2/0.4,3.0,9.0,9.5,15.26,,,26.0,
Somalia,1535.0,1.8,104.1,60.2,7.4,32.5,86.2,7.6,6.2,5.9,19.2/74.4,,108.0,1087.0,543.0,545.0,,2.7,45.6,4.8,6.6,56.5/53.3,46.4/4.5,44.9/0.3,2940.6,79.4,,,,... / ...,... / ...,,4.3,24.4,2.0,186.0,10.0,0.6/0.1,136.0,10.0,0.0,23.99,,,,
South Africa,348872.0,1.3,6151.1,2.6,28.9,68.6,5.4,23.4,71.3,27.6,48.8/62.6,152.0,117.0,94725.0,95478.0,-753.0,-13381.0,1.6,66.9,2.2,2.6,64.2/57.8,29.0/8.4,4036.7/7.1,273.5,32.9,8.1,0.9,6.1,100.3/104.2,104.9/96.0,24.0/17.1,34.0,42.8,56.2,603.0,7.6,489.8/9.1,6858.0,112.0,37.7,0.3,,0.8,10285.0,
South Sudan,5694.0,1.3,452.8,3.3,50.6,46.2,65.4,19.6,14.9,11.5,71.9/74.3,4584.0,,1417.0,1048.0,369.0,455.0,2.4,19.9,4.4,5.2,57.5/54.6,41.6/5.1,845.2/6.7,2159.2,65.8,,,1.0,55.1/77.8,6.9/12.8,,13.9,28.5,8.0,57.0,,1.5/0.1,257.0,3.0,33.6,64.36,,,,
Spain,1314314.0,3.0,28353.6,3.0,24.1,72.9,4.0,19.1,76.9,13.4,51.4/62.8,110.0,104.0,348943.0,389760.0,-40817.0,12924.0,-0.1,80.6,0.1,1.3,85.3/79.6,14.6/25.7,5947.1/12.8,67.9,2.9,9.0,4.1,4.3,104.5/103.3,128.4/127.5,99.2/83.5,0.6,41.1,84.6,687.0,36.9,234.0/5.1,1391.0,107.0,56.3,,76.0,1.2,81786.0,0.19
Sri Lanka,87357.0,3.3,4184.4,8.5,30.2,61.4,25.6,25.5,48.9,4.2,34.8/71.9,125.0,128.0,13365.0,22592.0,-9227.0,-2309.0,0.6,18.6,0.5,2.2,79.3/72.4,24.0/15.9,40.0/0.2,42.0,8.8,3.9,1.0,2.8,101.1/102.6,100.5/95.5,22.8/15.1,2.5,5.3,34.1,599.0,32.9,18.4/0.9,169.0,22.0,49.8,0.35,,0.1,2116.0,
State of Palestine,14498.0,3.1,2946.3,3.4,22.9,73.8,9.5,29.5,61.0,26.4,19.5/71.5,111.0,87.0,1087.0,5661.0,-4574.0,-1659.0,2.2,76.4,3.1,4.2,74.9/71.4,38.6/4.8,253.7/5.2,,19.3,,,5.3,95.1/95.4,89.2/81.2,52.5/32.4,0.7,,65.2,36.0,1.5,2.8/0.6,10.0,16.0,2.5,12.8,130.0,0.5,503.0,
Sudan,120266.0,3.2,2967.1,32.0,20.7,47.2,53.0,19.2,27.8,12.7,24.5/70.2,350.0,,4908.0,12578.0,-7669.0,-4679.0,2.4,34.9,2.8,4.8,65.5/62.1,40.2/5.6,735.8/1.8,2927.3,47.8,5.7,0.4,,75.1/79.5,47.3/46.5,17.1/16.9,,27.6,30.9,148.0,,15.4/0.4,728.0,20.0,25.0,0.78,,,813.0,
Suriname,3807.0,-0.7,6757.4,9.9,30.9,59.3,2.6,24.6,72.9,8.0,39.3/64.0,283.0,146.0,2025.0,1150.0,875.0,-189.0,1.1,66.1,0.9,2.6,74.3/67.8,26.9/10.5,47.7/8.5,0.1,20.3,6.1,1.2,,115.9/115.8,89.7/68.1,... / ...,,29.4,48.9,87.0,98.3,2.0/3.7,39.0,52.0,51.2,0.64,,,278.0,
Sweden,535607.0,2.1,54043.3,1.2,25.1,73.7,1.8,17.9,80.3,6.3,61.2/67.6,109.0,100.0,165959.0,170107.0,-4148.0,9458.0,0.8,87.7,1.1,1.9,83.8/80.0,17.6/25.8,1747.7/17.6,321.3,2.4,10.9,5.4,7.6,126.5/123.3,153.3/137.1,77.5/50.3,1.1,47.3,96.4,59.0,68.9,43.4/4.5,1446.0,208.0,58.8,,88.0,3.3,19945.0,1.02
Switzerland,678938.0,1.6,80101.2,0.7,25.5,73.8,3.4,20.4,76.2,4.7,62.6/73.8,99.0,101.0,310524.0,278666.0,31859.0,72186.0,1.2,73.8,1.2,1.5,84.8/80.5,14.9/24.8,2506.4/29.6,117.8,3.9,12.2,4.2,5.1,104.0/104.8,100.3/104.2,58.4/57.3,0.5,32.5,93.7,80.0,31.8,35.3/4.3,483.0,118.0,35.2,,130.0,3.4,9889.0,0.46
Syrian Arab Republic,15183.0,1.9,831.1,20.6,30.1,49.3,22.8,33.3,43.9,14.9,11.7/69.8,663.0,79.0,712.0,1319.0,-607.0,,-3.4,54.8,-3.6,3.1,76.3/64.4,31.1/7.3,1013.8/5.5,7187.7,17.9,3.6,1.2,,74.7/77.3,49.3/49.3,42.7/36.0,,13.2,34.3,139.0,2.7,30.7/1.7,177.0,23.0,1.1,,,,5070.0,
Tajikistan,7146.0,7.1,801.0,23.6,29.6,46.8,50.7,16.7,32.6,10.3,27.7/59.9,166.0,159.0,1573.0,2774.0,-1201.0,-378.0,2.3,27.3,2.4,3.6,71.8/67.2,37.1/5.5,273.3/3.1,10.2,34.1,7.0,1.7,5.2,98.1/99.5,82.7/92.0,26.4/35.2,1.6,19.0,22.0,47.0,3.0,5.2/0.6,136.0,19.0,21.0,3.84,145.0,0.1,431.0,
Thailand,455303.0,3.9,6595.0,8.7,35.1,56.3,31.2,22.5,46.3,1.4,59.2/75.9,112.0,118.0,253430.0,250524.0,2905.0,35159.0,0.4,50.7,2.1,1.5,78.9/71.6,16.8/18.5,3588.9/5.2,583.1,10.1,3.7,0.8,4.1,99.5/99.7,114.3/119.1,57.7/41.1,3.2,5.4,52.9,646.0,32.2,316.2/4.7,3283.0,84.0,71.7,0.06,,0.6,35592.0,0.03
Timor-Leste,2955.0,-8.0,2279.3,9.3,57.6,33.1,24.9,15.8,59.3,3.5,24.9/52.5,142.0,111.0,45.0,552.0,-507.0,-339.0,1.8,30.9,3.5,4.4,69.5/65.9,37.3/6.5,12.1/0.9,,44.9,4.0,0.7,2.7,99.1/102.0,82.6/76.2,... / ...,3.9,40.0,27.5,32.0,45.4,0.5/0.4,121.0,6.0,38.7,8.94,,,74.0,
Togo,4786.0,4.4,613.8,28.4,18.6,53.0,36.0,17.3,46.7,1.8,75.8/79.3,110.0,142.0,877.0,2091.0,-1214.0,-96.0,2.6,42.2,4.0,4.7,59.8/58.3,41.0/4.7,284.0/3.6,13.1,55.7,6.6,,5.1,120.1/125.9,51.9/71.4,8.0/17.7,9.0,16.5,12.4,90.0,3.1,2.6/0.4,117.0,20.0,97.0,6.92,156.0,0.3,496.0,
Tokelau,,,,,,,,,,,,,115.0,,1.0,-1.0,,1.9,0.0,0.0,2.1,,28.3/12.2,0.5/38.8,,,,,,95.2/107.7,70.7/69.6,,,,,51.0,0.0,,,,2.6,,,,,
Tonga,427.0,2.7,3949.8,19.5,19.0,61.5,31.5,31.8,36.7,1.2,45.2/74.1,113.0,137.0,17.0,277.0,-260.0,-29.0,-0.6,23.1,0.3,3.8,72.2/68.4,35.1/8.7,5.0/4.6,,14.7,5.3,0.5,,105.3/108.4,96.3/91.1,... / ...,1.0,7.4,41.2,80.0,12.5,0.1/1.1,0.0,17.0,9.3,20.07,,,62.0,
Trinidad and Tobago,22105.0,-2.3,16145.3,0.5,38.9,60.6,3.5,26.8,69.7,5.1,50.1/70.7,140.0,96.0,10454.0,3540.0,6914.0,1089.0,0.6,53.2,0.2,1.8,75.2/69.8,20.3/16.4,50.2/3.7,6.0,26.1,6.5,2.7,,... / ...,... / ...,... / ...,30.9,31.0,77.3,121.0,46.0,46.3/34.2,1407.0,562.0,40.7,,142.0,0.1,395.0,
Tunisia,40069.0,2.0,3474.5,10.2,24.6,65.2,13.3,42.6,44.1,15.1,23.9/69.7,138.0,117.0,15666.0,22513.0,-6848.0,-4080.0,1.0,69.3,1.6,2.3,77.6/73.4,24.2/13.1,57.7/0.5,1.0,14.6,7.0,1.3,6.6,113.2/116.2,97.9/88.1,41.2/23.2,3.0,35.9,55.5,100.0,6.8,28.8/2.6,252.0,40.0,40.8,2.0,112.0,0.6,7052.0,
Turkey,851542.0,7.4,10546.1,6.9,32.9,60.2,18.3,27.0,54.7,11.2,33.5/72.4,202.0,129.0,167933.0,222444.0,-54512.0,-27125.0,1.6,75.6,2.4,2.1,78.7/72.4,24.3/12.7,4882.0/6.0,3923.3,11.8,4.3,1.8,4.3,100.9/101.6,101.7/104.2,96.5/110.7,4.3,17.4,64.7,409.0,15.4,346.0/4.5,1490.0,71.0,2.3,0.38,140.0,0.9,37601.0,0.95
Turkmenistan,37915.0,6.5,6584.7,8.9,60.2,30.9,7.6,44.8,47.6,3.3,52.6/78.1,,102.0,3887.0,2721.0,1166.0,,1.8,52.0,2.5,3.0,70.8/63.9,30.8/7.8,195.1/3.4,4.3,46.9,6.6,2.2,3.0,87.5/89.2,84.0/87.6,6.2/9.7,,25.0,21.3,59.0,8.8,68.4/12.9,3230.0,204.0,14.6,0.07,,,,
Turks and Caicos Islands,1017.0,4.3,28689.1,0.6,11.0,88.4,,,,,,,,4.0,351.0,-347.0,173.0,2.0,93.4,2.5,,77.8/75.8,19.2/7.6,24.5/69.2,,,,,3.3,,,,5.9,,,63.0,36.2,0.2/6.1,0.0,86.0,28.0,,,,416.0,
Tuvalu,44.0,5.9,3923.6,20.0,17.8,62.2,,,,,... / ...,,111.0,,12.0,-12.0,7.0,0.9,63.2,2.6,3.6,... / ...,31.1/9.9,0.1/1.3,,,15.5,0.9,,104.7/108.3,95.8/76.4,,18.6,6.7,49.3,98.0,33.3,~0.0 / ...,0.0,13.0,,44.94,,,2.0,
Uganda,27699.0,5.0,646.2,26.5,21.3,52.2,67.8,7.1,25.1,2.3,67.3/75.0,172.0,92.0,2911.0,3230.0,-319.0,-2565.0,3.3,24.4,6.0,5.8,61.1/57.7,46.5/3.2,1692.1/3.9,1334.4,59.0,6.2,0.1,2.6,100.3/97.7,... / ...,4.0/5.2,11.5,34.9,23.7,220.0,9.7,5.2/0.1,618.0,16.0,72.0,7.94,,0.2,1402.0,
Ukraine,112154.0,2.5,2536.1,12.1,28.4,59.5,14.0,26.0,60.0,8.6,46.4/62.5,261.0,153.0,47348.0,57993.0,-10645.0,-4287.0,-0.4,69.5,-0.4,1.5,75.8/65.8,15.9/23.4,4964.3/11.2,1845.1,8.8,6.7,3.0,5.0,100.9/98.9,95.7/97.8,89.5/77.6,6.3,11.6,57.1,115.0,16.7,227.3/5.1,2658.0,87.0,23.7,1.02,99.0,0.5,14230.0,
United Arab Emirates,382575.0,0.8,40698.8,0.8,43.6,55.6,0.3,38.6,61.1,1.7,51.1/93.4,117.0,101.0,106586.0,155599.0,-49013.0,,1.6,86.8,2.4,1.7,78.2/76.1,14.7/2.8,8312.5/88.4,5.8,6.5,3.5,2.4,,108.9/112.8,93.0/98.6,,0.9,22.5,94.8,61.0,4.6,211.4/23.2,10542.0,370.0,30.8,,,1.0,,1.03
United Kingdom,2631228.0,1.7,39757.7,0.7,20.2,79.2,1.1,18.1,80.8,3.9,57.1/67.7,118.0,103.0,487069.0,669640.0,-182571.0,-108745.0,0.7,83.7,1.0,1.9,82.7/78.9,17.7/24.1,8841.7/13.4,157.2,4.1,9.8,2.8,5.5,101.3/101.5,160.5/144.2,68.5/50.7,1.2,32.0,94.6,138.0,13.1,419.8/6.5,4968.0,113.0,84.4,,90.0,1.7,37651.0,0.7
United Rep. of Tanzania,52090.0,7.0,933.6,32.1,28.1,39.9,65.3,6.1,28.6,2.3,79.2/87.1,181.0,165.0,5132.0,8744.0,-3612.0,-1634.0,3.0,34.5,5.5,5.2,63.1/58.8,43.8/4.2,492.6/0.9,507.6,46.9,4.1,,3.5,86.2/84.3,25.9/25.8,2.7/5.2,7.0,36.9,16.0,1160.0,51.6,11.6/0.2,992.0,20.0,57.0,5.01,,0.5,1275.0,
United States of America,19485394.0,2.2,60054.9,0.9,18.5,80.7,1.6,18.7,79.7,4.1,55.8/67.9,115.0,117.0,1662993.0,2574930.0,-911937.0,-488480.0,0.8,82.5,0.9,1.9,81.3/76.5,18.5/22.4,49777.0/15.3,956.9,6.0,17.1,2.6,5.0,101.3/101.4,98.5/99.1,102.3/76.1,5.4,23.6,75.2,1600.0,33.9,5254.3/16.2,79672.0,279.0,,,108.0,2.7,76941.0,0.18
United States Virgin Islands,,,,,,,2.6,11.6,85.7,7.0,55.4/63.3,,107.0,,,,,-0.2,95.8,-0.1,2.3,82.2/76.7,19.5/26.9,56.7/54.1,,9.0,,,,,,,49.3,,64.4,67.0,50.0,,0.0,1.0,39.4,,,,667.0,
Uruguay,59180.0,2.7,17120.2,5.7,26.8,67.5,7.8,19.8,72.4,8.2,55.9/73.8,188.0,118.0,9148.0,9381.0,-233.0,-374.0,0.3,95.4,0.5,2.0,80.7/73.2,20.5/20.0,79.6/2.3,10.5,10.0,9.1,5.0,4.4,104.3/106.6,... / ...,... / ...,7.7,22.2,68.3,110.0,10.7,6.7/2.0,126.0,62.0,20.8,0.08,,0.4,3674.0,
Uzbekistan,49677.0,5.2,1556.8,19.7,34.2,46.2,20.7,37.7,41.6,6.7,53.4/78.0,,167.0,14258.0,19557.0,-5300.0,-3577.0,1.6,50.4,1.5,2.4,72.7/67.8,28.8/8.0,1159.2/3.6,85.5,27.7,6.3,2.4,6.4,102.3/103.9,92.4/93.6,6.9/11.3,,16.0,52.3,62.0,7.5,105.2/3.6,2134.0,50.0,15.9,1.26,175.0,0.2,2690.0,
Vanuatu,864.0,3.5,3128.4,24.0,10.4,65.5,64.5,5.9,29.6,5.2,61.5/79.7,108.0,124.0,63.0,355.0,-291.0,-82.0,2.8,25.4,2.7,4.0,71.2/68.0,38.7/5.8,3.2/1.2,,24.3,3.7,0.2,4.7,118.7/120.7,56.4/53.4,... / ...,2.1,0.0,25.7,140.0,36.1,0.2/0.6,1.0,11.0,6.4,15.48,,,109.0,
Venezuela (Boliv. Rep. of),255093.0,-14.0,7977.4,5.7,36.5,57.8,9.7,23.7,66.6,7.7,47.8/76.9,772.0,109.0,6614.0,2667.0,3947.0,-3870.0,1.1,88.2,1.4,2.4,77.0/69.4,27.4/11.6,1426.3/4.5,123.5,15.0,3.2,,,92.1/94.6,87.2/80.9,... / ...,56.3,22.2,64.3,345.0,52.7,185.2/6.1,6751.0,73.0,67.4,0.01,,0.2,427.0,
Viet Nam,223780.0,6.8,2342.2,17.0,37.1,45.8,38.4,25.4,36.2,2.1,72.5/82.3,161.0,138.0,247989.0,266122.0,-18133.0,6124.0,1.0,36.6,3.2,2.0,79.1/70.8,23.2/11.9,76.1/0.1,29.5,17.9,5.7,0.8,5.7,108.2/107.7,,31.3/25.3,1.5,26.7,49.6,694.0,48.1,166.9/1.8,2880.0,32.0,40.9,1.12,199.0,0.4,12922.0,
Wallis and Futuna Islands,,,,,,,,,,,,,112.0,1.0,60.0,-59.0,,-2.1,0.0,0.0,2.1,78.7/72.8,25.5/15.4,2.8/23.6,,,,,,,,,,,9.0,89.0,41.6,~0.0 /        1.6,,30.0,0.0,,,,,
Western Sahara,,,,,,,30.1,31.0,38.9,7.2,27.4/79.7,,107.0,,,,,1.8,86.8,1.9,2.6,70.3/66.9,27.4/6.0,5.4/1.0,,34.1,,,,,,,,,,50.0,2.7,,,,,,,,,
Yemen,27957.0,-5.9,989.6,16.7,25.7,57.6,41.5,13.4,45.0,14.0,5.8/70.9,158.0,141.0,16569.0,15493.0,1076.0,-2419.0,2.7,37.3,4.4,4.4,67.7/64.3,39.2/4.6,384.3/1.4,2405.7,43.3,5.6,0.3,,86.1/98.6,42.8/58.9,6.1/13.7,6.7,0.3,26.7,308.0,1.0,22.7/0.9,65.0,5.0,31.1,8.47,,,367.0,
Zambia,25868.0,3.5,1513.3,4.3,39.9,55.8,52.5,12.1,35.4,7.8,70.8/79.7,195.0,183.0,9052.0,9462.0,-410.0,-342.0,3.1,44.1,4.3,5.2,61.5/57.0,44.5/3.4,157.0/0.9,73.1,53.3,4.5,0.1,,100.9/98.7,,3.5/4.6,5.3,18.0,27.9,94.0,65.2,4.5/0.3,417.0,28.0,48.3,4.14,157.0,,1083.0,
Zimbabwe,18037.0,3.0,1091.2,11.6,24.3,64.1,68.7,7.3,24.0,5.0,78.7/89.0,106.0,100.0,4037.0,6259.0,-2222.0,-308.0,1.7,32.2,1.8,4.1,58.3/54.9,42.2/4.6,403.9/2.4,19.8,51.2,9.4,0.1,7.5,97.9/99.5,46.7/47.6,8.0/8.9,6.7,31.8,27.1,103.0,35.5,12.0/0.8,380.0,29.0,85.9,4.6,,,2423.0,
